source_name	source_url	r2_key	extension	content_type	sha256	bytes
001 — হেদায়াতের দোয়া — ধীর ও স্পষ্ট অডিও.mp3		duas/001-dua-for-guidance-surah-al-faatiha-1-6.mp3	mp3	audio/mpeg	7e4594a56bd926da8f17fdfaf1223d7e1c27a232127c1953841538fba1832d0b	292786
002 — ইবাদত কবুল হওয়ার দোয়া — ধীর ও স্পষ্ট অডিও.mp3		duas/002-dua-for-forgiveness-surah-al-baqara-2-127.mp3	mp3	audio/mpeg	2c1d2d1b93c622739194f60a6b1924a062107ba4cb8ea25a052dffe24e905a62	696000
003 — আত্মসমর্পণ ও পরিবারের দোয়া — ধীর ও স্পষ্ট অডিও.mp3		duas/003-dua-for-forgiveness-surah-al-baqara-2-128.mp3	mp3	audio/mpeg	bbe1c749e6bfbd0ae46a7c0c621e4c56d35ea2a4b5dfc20132fd17f4356111c0	1324232
004 — দুনিয়া-আখিরাতের কল্যাণের দোয়া — ধীর ও স্পষ্ট অডিও.mp3		duas/004-dua-for-balanced-life-surah-al-baqara-2-201.mp3	mp3	audio/mpeg	92e2ac52b291ccd4e36a614c81915e7b14feab82868ed95edcf95ea4cde27323	834256
005 — সবর ও অটলতার দোয়া — ধীর ও স্পষ্ট অডিও.mp3		duas/005-dua-for-patience-surah-al-baqara-2-250.mp3	mp3	audio/mpeg	5053faba90091731526c2cf7413e05473b6c3f469369c95ce933b206b7aa3946	776630
006 — সাধ্যের বাইরে বোঝা না দেওয়ার দোয়া — ধীর ও স্পষ্ট অডিও.mp3		duas/006-dua-for-forgiveness-surah-al-baqara-2-286.mp3	mp3	audio/mpeg	f787e2e0e7988a85e556d9180c032677f465bb8998edd9d2ed5bca86d86c597e	1586904
007 — ঈমানের দৃঢ়তার দোয়া — ধীর ও স্পষ্ট অডিও.mp3		duas/007-dua-for-faith-surah-aal-i-imraan-3-8.mp3	mp3	audio/mpeg	d2a0276f23e18c0465e5f55c3952558340255cad290ae9f431a8eab5114e9822	713658
008 — গুনাহ মাফ ও জাহান্নাম থেকে রক্ষার দোয়া — ধীর ও স্পষ্ট অডিও.mp3		duas/008-dua-for-protection-surah-aal-i-imraan-3-16.mp3	mp3	audio/mpeg	764d6836a098adca28058fd59d3b674ac1ee21da3dd3c0bb639e2c6f1eb40a7c	508640
009 — নেক সন্তান চাওয়ার দোয়া — ধীর ও স্পষ্ট অডিও.mp3		duas/009-dua-for-family-surah-aal-i-imraan-3-38.mp3	mp3	audio/mpeg	ff7dc2c366b23743a69fd5f9ceaeea022964014ae6b7b478688af125ad27a6c9	930242
010 — মান্যকারীদের তালিকাভুক্ত হওয়ার দোয়া — ধীর ও স্পষ্ট অডিও.mp3		duas/010-dua-for-faith-surah-aal-i-imraan-3-53.mp3	mp3	audio/mpeg	6bf07d56f55d9be0e11b24092fd40822d8b6945a96498b443ab1f8730120873c	397276
011 — বাড়াবাড়ির ক্ষমা ও দৃঢ়তার দোয়া — ধীর ও স্পষ্ট অডিও.mp3		duas/011-dua-for-patience-surah-aal-i-imraan-3-147.mp3	mp3	audio/mpeg	d345f63a0addc7f773e4ac8f66683666d4ed1702f2fc9d1373372b3723c949c5	778964
012 — সৃষ্টি নিয়ে চিন্তা ও নাজাতের দোয়া — ধীর ও স্পষ্ট অডিও.mp3		duas/012-dua-for-protection-surah-aal-i-imraan-3-191.mp3	mp3	audio/mpeg	7e7a8e2a1958e12d36cc057629ac5a8623387b1c927cae05e6fce0a7af2c677c	896472
013 — জাহান্নামের অপমান সম্পর্কে চিন্তা ও দোয়া — ধীর ও স্পষ্ট অডিও.mp3		duas/013-dua-for-protection-surah-aal-i-imraan-3-192.mp3	mp3	audio/mpeg	93087b868a27632c87ba18a21e5d44eaf9548e0fc390baafacad96b4c3c17527	552420
014 — ঈমান আনার পর মাগফিরাতের দোয়া — ধীর ও স্পষ্ট অডিও.mp3		duas/014-dua-for-forgiveness-surah-aal-i-imraan-3-193.mp3	mp3	audio/mpeg	bcbca2c017ab90e89ba5e873b347d534b19890dd7d0b891813a3aaa9d2226d87	1157580
015 — ওয়াদা পূরণের আশায় দোয়া — ধীর ও স্পষ্ট অডিও.mp3		duas/015-dua-for-faith-surah-aal-i-imraan-3-194.mp3	mp3	audio/mpeg	a57647a4eff11c6704042acaa66cc7207403019ff6e08961c25af303deff5c32	616132
016 — ক্ষমা প্রার্থনার দোয়া — ধীর ও স্পষ্ট অডিও.mp3		duas/016-dua-for-forgiveness-surah-al-araaf-7-23.mp3	mp3	audio/mpeg	79a273fbb8ab369184fecb6b4ad0c0a8be2f8c9d9592362e8173cb8481c39a67	621502
017 — নিজের ও ভাইয়ের জন্য ক্ষমার দোয়া — ধীর ও স্পষ্ট অডিও.mp3		duas/017-dua-for-forgiveness-surah-al-araaf-7-151.mp3	mp3	audio/mpeg	8bbbc57854f2d2aa8512220f9fbbb2921c9d1c39e22553db4b72d1140fdb0502	684500
018 — পরীক্ষার সময় ক্ষমা চাওয়ার দোয়া — ধীর ও স্পষ্ট অডিও.mp3		duas/018-dua-for-forgiveness-surah-al-araaf-7-155.mp3	mp3	audio/mpeg	d1a10e67e9bd4bf9c22ff4a8703830272d948004ae114084ccf9cd6c319c1c04	1470164
019 — তাওয়াক্কুল ও ফিতনা থেকে রক্ষার দোয়া — ধীর ও স্পষ্ট অডিও.mp3		duas/019-dua-for-protection-surah-yunus-10-85.mp3	mp3	audio/mpeg	7b9eceeda2053f7409f40a6b7db1b81b1fc03888d325f2333b0c2787b323c116	567772
020 — কাফেরদের কবল থেকে মুক্তির দোয়া — ধীর ও স্পষ্ট অডিও.mp3		duas/020-dua-for-protection-surah-yunus-10-86.mp3	mp3	audio/mpeg	da36b12716da1d31d2b64f3067df9edcf249bf20cf35651856f18bed71772711	293584
021 — নূহ (আঃ)-এর ক্ষমা ও আশ্রয়ের দোয়া — ধীর ও স্পষ্ট অডিও.mp3		duas/021-dua-for-forgiveness-surah-hud-11-47.mp3	mp3	audio/mpeg	c16b9a16f579e657701aa1b0cf5d8bc68f91f72c7b22986b5c83375bdf0bff64	752086
022 — ইসলামের উপর মৃত্যু ও নেককারদের সাথে মিলনের দোয়া — ধীর ও স্পষ্ট অডিও.mp3		duas/022-dua-for-faith-surah-yusuf-12-101.mp3	mp3	audio/mpeg	6e76171c8aae94609f1a6136ac7d4df16b45de47ef6b7d1e540be3ddad0d538a	827376
023 — শিরক থেকে সন্তানদের রক্ষার দোয়া — ধীর ও স্পষ্ট অডিও.mp3		duas/023-dua-for-protection-surah-ibrahim-14-35.mp3	mp3	audio/mpeg	844d2d3578adc9e10b9b5c8c7318dccf0a97b6610393e898217e8952bc1de40c	799698
024 — বংশধরদের জন্য বরকতের দোয়া — ধীর ও স্পষ্ট অডিও.mp3		duas/024-dua-for-rizq-surah-ibrahim-14-37.mp3	mp3	audio/mpeg	d8fbdb4a4c25ae644feedce84b45ef327e65bbb0cd20733de77094be11e1cab0	967110
025 — গোপন ও প্রকাশ্য সবই আল্লাহ জানেন — দোয়া — ধীর ও স্পষ্ট অডিও.mp3		duas/025-dua-for-guidance-surah-ibrahim-14-38.mp3	mp3	audio/mpeg	f772cd5d36d357e4c9ceb8bb67989fd9f761af4689d4db5e32b501c8db980d53	586978
026 — সন্তানসহ নামাজি হওয়ার দোয়া — ধীর ও স্পষ্ট অডিও.mp3		duas/026-dua-for-family-surah-ibrahim-14-40.mp3	mp3	audio/mpeg	4e3014484d80a9a7470b846e592192c396f6ce85c026d786557dd4184334a46e	471754
027 — পিতা-মাতা ও মুমিনদের ক্ষমার দোয়া — ধীর ও স্পষ্ট অডিও.mp3		duas/027-dua-for-family-surah-ibrahim-14-41.mp3	mp3	audio/mpeg	2f87860d528e8fd3de084e62acf23c39b457e1aa4cbb71c6ed7eed333e54a2cf	400340
028 — পিতা-মাতার জন্য রহমতের দোয়া — ধীর ও স্পষ্ট অডিও.mp3		duas/028-dua-for-family-surah-al-israa-17-24.mp3	mp3	audio/mpeg	bb2182db449fdf359df896a4050a321845fca9adf83982a4e2988559f0aabad6	739018
029 — সত্যের সাথে প্রবেশ ও প্রস্থানের দোয়া — ধীর ও স্পষ্ট অডিও.mp3		duas/029-dua-for-guidance-surah-al-israa-17-80.mp3	mp3	audio/mpeg	8d11ac1490d2eaa28b34ec196a035bd0340f55479a69dbd1e9c550c1852b5ed5	765148
030 — গুহাবাসী যুবকদের রহমতের দোয়া — ধীর ও স্পষ্ট অডিও.mp3		duas/030-dua-for-protection-surah-al-kahf-18-10.mp3	mp3	audio/mpeg	31ee3cfb0a6a844a4f9ded9df29cfcf313064ef6cca7b208df01dfe52d1cca5e	538572
031 — বুক প্রশস্ত ও কাজ সহজ হওয়ার দোয়া — ধীর ও স্পষ্ট অডিও.mp3		duas/031-dua-for-guidance-surah-taa-haa-20-25.mp3	mp3	audio/mpeg	dcd9a18624517da738aacbdb04c43c6aa6bdda6ac426fbe133eb61f3cd66228f	339670
032 — কাজ সহজ হওয়ার দোয়া — ধীর ও স্পষ্ট অডিও.mp3		duas/032-dua-for-guidance-surah-taa-haa-20-26.mp3	mp3	audio/mpeg	672443adb197cf2f30f38cd5293c464b7494d58baaed97379c526f089a15c721	342714
033 — জিহবার জড়তা দূর ওকথা স্পষ্ট হওয়ার দোয়া — ধীর ও স্পষ্ট অডিও.mp3		duas/033-dua-for-guidance-surah-taa-haa-20-27.mp3	mp3	audio/mpeg	3ea47009819e107b5db997e0160b43755a608863a93fc598b0662cdf519ba442	450276
034 — কথা স্পষ্ট ও বোধগম্য হওয়ার দোয়া — ধীর ও স্পষ্ট অডিও.mp3		duas/034-dua-for-guidance-surah-taa-haa-20-28.mp3	mp3	audio/mpeg	ff276983d675cae0d377b62a2bf795f6d7210538a03b7ec3fbcd0c2da1e19f68	270548
035 — ইলম বা জ্ঞান বৃদ্ধির দোয়া — ধীর ও স্পষ্ট অডিও.mp3		duas/035-dua-for-guidance-surah-taa-haa-20-114.mp3	mp3	audio/mpeg	5f2cc28d6805b63b9906c71022403c3d9204d84d2dfc08f03d77c9648865b01b	640710
036 — আইয়ুব (আ.)-এর ধৈর্য ও আরোগ্যের দোয়া — ধীর ও স্পষ্ট অডিও.mp3		duas/036-dua-for-guidance-surah-al-anbiyaa-21-83.mp3	mp3	audio/mpeg	e654f03d1bcdba28c78e1e5c88404c91bd15634f790729589c414207b2b8d800	442586
037 — ইউনুস (আ.)-এর বিপদমুক্তির দোয়া — ধীর ও স্পষ্ট অডিও.mp3		duas/037-dua-for-forgiveness-surah-al-anbiyaa-21-87.mp3	mp3	audio/mpeg	35be60e9a1e9be84e3dec37686459c819c947d21b53c6119970462839978b7be	711374
038 — যাকারিয়া (আ.)-এর সন্তান লাভের দোয়া — ধীর ও স্পষ্ট অডিও.mp3		duas/038-dua-for-family-surah-al-anbiyaa-21-89.mp3	mp3	audio/mpeg	3860b5bbdb802afa883f3a5bb54e08e088658a83b1441435d41c7b8f743700e9	579288
039 — বরকতময় গন্তব্যে পৌঁছানোর দোয়া — ধীর ও স্পষ্ট অডিও.mp3		duas/039-dua-for-guidance-surah-al-muminoon-23-29.mp3	mp3	audio/mpeg	2ee68a269ac19ae288366c0917dcc9b0136d82833ea1fff704a07e3a8b35aa8c	579280
040 — গুনাহগারদের দলে না পড়ার দোয়া — ধীর ও স্পষ্ট অডিও.mp3		duas/040-dua-for-protection-surah-al-muminoon-23-94.mp3	mp3	audio/mpeg	b023b8cdb569c0034e936e26ede069f9516d3331ed943104aa22c28a9767403e	393422
041 — শয়তানের প্ররোচনা থেকে আশ্রয়ের দোয়া — ধীর ও স্পষ্ট অডিও.mp3		duas/041-dua-for-protection-surah-al-muminoon-23-97.mp3	mp3	audio/mpeg	31b710a3bbd48a90776d2874bfd3c85c86810161373d76ee31cf0de488663c52	388828
042 — শয়তানের উপস্থিতি থেকে আশ্রয়ের দোয়া — ধীর ও স্পষ্ট অডিও.mp3		duas/042-dua-for-protection-surah-al-muminoon-23-98.mp3	mp3	audio/mpeg	9944275b00726cf496f2a087dc03c68fd220ed4add81f6905fa8dca8b269063c	402652
043 — মুমিনদের জন্যক্ষমা ও রহমতের দোয়া — ধীর ও স্পষ্ট অডিও.mp3		duas/043-dua-for-forgiveness-surah-al-muminoon-23-109.mp3	mp3	audio/mpeg	da5ef2feb96764c1d2ba9eae201a621be189cad03db1b6ac3b7c56272b521129	765140
044 — শ্রেষ্ঠ রহমকারীর কাছে ক্ষমার দোয়া — ধীর ও স্পষ্ট অডিও.mp3		duas/044-dua-for-forgiveness-surah-al-muminoon-23-118.mp3	mp3	audio/mpeg	80b7963c83e29080e120ea150b4db165b9d5962ecec2e6ba32db13241e1573cb	454102
045 — জাহান্নামের আজাব থেকে মুক্তির দোয়া — ধীর ও স্পষ্ট অডিও.mp3		duas/045-dua-for-protection-surah-al-furqaan-25-65.mp3	mp3	audio/mpeg	8754f18e0e060ec8bdd6440f482889e6b73fa1581c53cf865ad7d4dc30556938	689112
046 — চোখ জুড়ানো পরিবারের দোয়া — ধীর ও স্পষ্ট অডিও.mp3		duas/046-dua-for-family-surah-al-furqaan-25-74.mp3	mp3	audio/mpeg	d458b3afc11cb4814c1f598861e81f9e5cd359777ce3e7f65467382a86c6e7d7	679110
047 — হিকমাহ ও সঠিক ফয়সালার দোয়া — ধীর ও স্পষ্ট অডিও.mp3		duas/047-dua-for-guidance-surah-ash-shuaraa-26-83.mp3	mp3	audio/mpeg	d30d970babf274585cb997b80474a8c0cd6eb11577de85220206dc518e2e2efd	461770
048 — পরবর্তী প্রজন্মের কাছেসুনাম রাখার দোয়া — ধীর ও স্পষ্ট অডিও.mp3		duas/048-dua-for-guidance-surah-ash-shuaraa-26-84.mp3	mp3	audio/mpeg	88586f7a47b7fbb6acc6e7e6c64fc6ecf7a231a0229514cebbd7830f6584d633	362720
049 — জান্নাতের ওয়ারিশ হওয়ার দোয়া — ধীর ও স্পষ্ট অডিও.mp3		duas/049-dua-for-guidance-surah-ash-shuaraa-26-85.mp3	mp3	audio/mpeg	3f2c689300c0b4ac1f10dafe4cfc55fe349022e24c7ca5e642ad4685d9a9f3a6	487118
050 — পিতার মাগফিরাতের দোয়া — ধীর ও স্পষ্ট অডিও.mp3		duas/050-dua-for-family-surah-ash-shuaraa-26-86.mp3	mp3	audio/mpeg	2222e4200ea312f4631f0ad680be48bbeeb4c8b7bde9c8ef807c8949fd982919	461758
051 — পুনরুত্থান দিবসে লাঞ্ছনা থেকে রক্ষার দোয়া — ধীর ও স্পষ্ট অডিও.mp3		duas/051-dua-for-protection-surah-ash-shuaraa-26-87.mp3	mp3	audio/mpeg	9ac7839aa994be0203e12150925cd0fc7ca73ed47ac56e49229d9a85029d79d8	331238
052 — সম্পদ ও সন্তান কাজে আসবে না — আয়াত — ধীর ও স্পষ্ট অডিও.mp3		duas/052-dua-for-family-surah-ash-shuaraa-26-88.mp3	mp3	audio/mpeg	8f86adcbaac55a15f75d93b7f71a7854610a5ea2651e839f664770cb7806ec72	415704
053 — পরিশুদ্ধ অন্তর নিয়েহাজির হওয়ার ফযিলত — ধীর ও স্পষ্ট অডিও.mp3		duas/053-dua-for-guidance-surah-ash-shuaraa-26-89.mp3	mp3	audio/mpeg	3b705682e99300eb989af4b48cf0af8f4db77034da701943b022c94cafd532b6	370398
054 — নিয়ামতের শোকর আদায়ের দোয়া — ধীর ও স্পষ্ট অডিও.mp3		duas/054-dua-for-faith-surah-an-naml-27-19.mp3	mp3	audio/mpeg	ab5a529142508f3bbea09b01bab20dcb0ba5ff18e3a2719493475880b33c42c3	1063114
055 — নিজের ভুল স্বীকার করে ক্ষমার দোয়া — ধীর ও স্পষ্ট অডিও.mp3		duas/055-dua-for-forgiveness-surah-al-qasas-28-16.mp3	mp3	audio/mpeg	4817a751bbc2a65051c3bce73939b8ac27a1ea622f2b8df4166226050e9a4f4c	561622
056 — জালিম সম্প্রদায় থেকে রক্ষার দোয়া — ধীর ও স্পষ্ট অডিও.mp3		duas/056-dua-for-protection-surah-al-qasas-28-21.mp3	mp3	audio/mpeg	7a7d078990a5416d252903b2ac4673051e33c5e5a429b355ff78e57f750cd36a	553942
057 — রিজিক ও আশ্রয়ের দোয়া — ধীর ও স্পষ্ট অডিও.mp3		duas/057-dua-for-rizq-surah-al-qasas-28-24.mp3	mp3	audio/mpeg	3143688e9e76c72329360365db5e7c5944dd16a68a48075ebc9cf3e7e44dc7b6	577726
058 — বিপর্যয় সৃষ্টিকরীদের বিরুদ্ধে দোয়া — ধীর ও স্পষ্ট অডিও.mp3		duas/058-dua-for-guidance-surah-al-ankaboot-29-30.mp3	mp3	audio/mpeg	7bded51e63795f3259da71aac8d2625b6cfafaac88f9067bb86bd285fadbea2a	301274
059 — ক্ষমা ও জাহান্নামের আযাব থেকে রক্ষার দোয়া — ধীর ও স্পষ্ট অডিও.mp3		duas/059-dua-for-forgiveness-surah-ghafir-40-7.mp3	mp3	audio/mpeg	854b4ede213f3efd34409d1d6a726f044eea56b48a7564564b6b0f2d352e464b	1251300
060 — পরিবারসহ জান্নাত লাভের দোয়া — ধীর ও স্পষ্ট অডিও.mp3		duas/060-dua-for-family-surah-ghafir-40-8.mp3	mp3	audio/mpeg	d528bc470a470039a312c8ac24a8e03fec0012bfbf889bdef9accac3a52f1778	694474
061 — অমঙ্গল থেকে রক্ষার দোয়া — ধীর ও স্পষ্ট অডিও.mp3		duas/061-dua-for-protection-surah-ghafir-40-9.mp3	mp3	audio/mpeg	6779b676e8ee08605d4a85df585bfc08407e2bd8843648e3962f095f20321ab2	626882
062 — কৃতজ্ঞতা ও সন্তানের সংশোধনের দোয়া — ধীর ও স্পষ্ট অডিও.mp3		duas/062-dua-for-faith-surah-al-ahqaf-46-15.mp3	mp3	audio/mpeg	98f4b278f8481abe538b0f316580be9cdca3fbb4314c9ae26d54bd01eaabb5dd	1672150
063 — নিজের ও অগ্রজ মুমিনদের জন্য ক্ষমার দোয়া — ধীর ও স্পষ্ট অডিও.mp3		duas/063-dua-for-forgiveness-surah-al-hashr-59-10.mp3	mp3	audio/mpeg	8eccb53b3dad810b08665494b4ef73810afb650fdde3b30640c7f63b326803b3	1038562
064 — আল্লাহর উপর ভরসাও প্রত্যাবর্তনের দোয়া — ধীর ও স্পষ্ট অডিও.mp3		duas/064-dua-for-family-surah-al-mumtahana-60-4.mp3	mp3	audio/mpeg	2d03f3f1d4c36f8284f88d234a72e0a77697d51eb574cec15b5a3068e47bd679	1567712
065 — ফিতনা থেকে রক্ষা ও ক্ষমার দোয়া — ধীর ও স্পষ্ট অডিও.mp3		duas/065-dua-for-protection-surah-al-mumtahana-60-5.mp3	mp3	audio/mpeg	4cbafa4d6ff3a7f6a52f70f7410a88edf4d9297e6dc39b27544bb69e8f6d55f0	621520
066 — খাঁটি তাওবা ও নূরপূর্ণ করার দোয়া — ধীর ও স্পষ্ট অডিও.mp3		duas/066-dua-for-forgiveness-surah-at-tahrim-66-8.mp3	mp3	audio/mpeg	73ee72377f473d8711463bfaddcd67d75d35854612fb1546ccf391569e7d7db7	1295830
067 — জান্নাতে ঘরের জন্য আসিয়ার দোয়া — ধীর ও স্পষ্ট অডিও.mp3		duas/067-dua-for-protection-surah-at-tahrim-66-11.mp3	mp3	audio/mpeg	ad4d56ae3aad9b7d880d5b10d707db8657473752d7afb8d478ddfb8edc102dc6	907218
068 — নিজের ও মুমিনদের জন্যক্ষমা ও আশ্রয়ের দোয়া — ধীর ও স্পষ্ট অডিও.mp3		duas/068-dua-for-family-surah-nooh-71-28.mp3	mp3	audio/mpeg	a35156df520fa0800013fb8285a6148380c6da9728a856525605488418e703c2	698346
069 — তাওহীদের ঘোষণা — ধীর ও স্পষ্ট অডিও.mp3		duas/069-dua-for-guidance-surah-al-ikhlaas-112-1.mp3	mp3	audio/mpeg	7406e8721183c844a8ea597c43f115812bc39f71437a5baf76f531d90e7b6181	254382
070 — অনুখাপেক্ষী আল্লাহর পরিচয় — ধীর ও স্পষ্ট অডিও.mp3		duas/070-dua-for-protection-surah-al-ikhlaas-112-2.mp3	mp3	audio/mpeg	4985abd9d5bdd90791bcac0c48c80599069b3ad7be719d40828ce4eca2525957	345028
071 — আল্লাহর পবিত্র সত্তার বর্ণনা — ধীর ও স্পষ্ট অডিও.mp3		duas/071-dua-for-guidance-surah-al-ikhlaas-112-3.mp3	mp3	audio/mpeg	94cee4a0c775279a9a0a1efd282b5680937098eed6068cd7eb174a1f3837bef8	396490
072 — আল্লাহর অতুলনীয়তার ঘোষণা — ধীর ও স্পষ্ট অডিও.mp3		duas/072-dua-for-guidance-surah-al-ikhlaas-112-4.mp3	mp3	audio/mpeg	33046d67fbbb74b8e46725d334f1e9a1792dca3ecdc98f6bb8d89cb22301b0db	513988
073 — প্রভাতের রবের কাছে আশ্রয়ের দোয়া — ধীর ও স্পষ্ট অডিও.mp3		duas/073-dua-for-protection-surah-al-falaq-113-1.mp3	mp3	audio/mpeg	bc687d5d550a83dfe5daaeee356c884fb8dce42b5647209b136b9390698fe1b0	324308
074 — সৃষ্টির অনিষ্ট থেকে আশ্রয়ের দোয়া — ধীর ও স্পষ্ট অডিও.mp3		duas/074-dua-for-protection-surah-al-falaq-113-2.mp3	mp3	audio/mpeg	ef2f36d2829e7b1471c367168c3e0d40f78dce40c8e4979214b28f2ab5918129	316630
075 — রাতের অন্ধকারের অনিষ্ট থেকে আশ্রয়ের দোয়া — ধীর ও স্পষ্ট অডিও.mp3		duas/075-dua-for-protection-surah-al-falaq-113-3.mp3	mp3	audio/mpeg	afe0cf02a88bfa73619c8ab460e6e2d028680b728345cd28844b040178603ffd	384998
076 — জাদু থেকে আশ্রয়ের দোয়া — ধীর ও স্পষ্ট অডিও.mp3		duas/076-dua-for-protection-surah-al-falaq-113-4.mp3	mp3	audio/mpeg	cee77a4a6603e081afb545a87e36d9cf7b4d162f4675c9bdd86975fde4b9e654	308930
077 — হিংসুকের অনিষ্ট থেকে আশ্রয়ের দোয়া — ধীর ও স্পষ্ট অডিও.mp3		duas/077-dua-for-protection-surah-al-falaq-113-5.mp3	mp3	audio/mpeg	c1ce843ce7712c430934aec8d08da1b7eeec0ce129465a8c6369d7188221ce65	346584
078 — মানুষের রবের কাছে আশ্রয়ের দোয়া — ধীর ও স্পষ্ট অডিও.mp3		duas/078-dua-for-protection-surah-an-naas-114-1.mp3	mp3	audio/mpeg	9ee2ea1b815d8c3a16d461cee189ab54e32687f62c9c77d0f89e35011fb5709c	345042
079 — মানুষের অধিপতির কাছে আশ্রয়ের দোয়া — ধীর ও স্পষ্ট অডিও.mp3		duas/079-dua-for-protection-surah-an-naas-114-2.mp3	mp3	audio/mpeg	3c5cdaeb3be5ba66b8d4b2891111b2a4bf11360f668a55ad22c51d53e62e9f52	137688
080 — মানুষের মাবুদদের কাছে আশ্রয়ের দোয়া — ধীর ও স্পষ্ট অডিও.mp3		duas/080-dua-for-protection-surah-an-naas-114-3.mp3	mp3	audio/mpeg	b9a25212845685d7d7b23e7c9e02e4e97a0baf83023bbba6a8a4ffabbebe5f5d	451032
081 — কুমন্ত্রণাদাতা থেকে আশ্রয়ের দোয়া — ধীর ও স্পষ্ট অডিও.mp3		duas/081-dua-for-protection-surah-an-naas-114-4.mp3	mp3	audio/mpeg	f26cdf58533a1aa280af2d619bec448d753eac67cd002ecf92d731e576eca83f	242902
082 — অন্তরের কুমন্ত্রনা থেকে আশ্রয়ের দোয়া — ধীর ও স্পষ্ট অডিও.mp3		duas/082-dua-for-protection-surah-an-naas-114-5.mp3	mp3	audio/mpeg	7d20b4e9d052ac47763eadd3a477f98f0d997d2c27fdffb99185bef8484fe257	497118
083 — জ্বিন ও মানুষের অনিষ্ট থেকে আশ্রয়ের দোয়া — ধীর ও স্পষ্ট অডিও.mp3		duas/083-dua-for-protection-surah-an-naas-114-6.mp3	mp3	audio/mpeg	199258909f5795df8adf6ea67dce19b2d29113c4b53d50f96c49e4834e3b52c8	322022
084 — সকল প্রশংসা আল্লাহর — হামদের আয়াত — ধীর ও স্পষ্ট অডিও.mp3		duas/084-dua-for-guidance-surah-al-faatiha-1-2.mp3	mp3	audio/mpeg	b6aa7367f2ccd87645f62f209be93e78c1a94151951bab9209d1283c1a1f42cc	288982
085 — রবের সাথে সাক্ষাতের স্মরণের আয়াত — ধীর ও স্পষ্ট অডিও.mp3		duas/085-dua-for-guidance-surah-al-baqara-2-46.mp3	mp3	audio/mpeg	667c2485dfa2426de6810892e4b84794cf55ef73a14fe9cfe49f883d6ae4636a	639188
086 — ঈমান ও নেক আমলের প্রতিদানের আয়াত — ধীর ও স্পষ্ট অডিও.mp3		duas/086-dua-for-faith-surah-al-baqara-2-62.mp3	mp3	audio/mpeg	7e41d1cc64957d24d91689327562ea5c25ac6853a8fbc8f7d1af5728d9dda401	792020
087 — মূর্খতা থেকে আশ্রয় চাওয়ার দোয়া — ধীর ও স্পষ্ট অডিও.mp3		duas/087-dua-for-protection-surah-al-baqara-2-67.mp3	mp3	audio/mpeg	94a8ac509334a55b1ea2374063a824433b2b5d7a3948086335ddad087a835c2e	688340
088 — অন্তরের খবর আল্লাহ জানেন — আয়াত — ধীর ও স্পষ্ট অডিও.mp3		duas/088-dua-for-faith-surah-al-baqara-2-76.mp3	mp3	audio/mpeg	861eadd743a0d3fbc42be67a595da38a561e55812a73de90fd1098b503b3cd3f	973266
089 — আল্লাহর কাছে আত্মসমপর্ণের আযাত — ধীর ও স্পষ্ট অডিও.mp3		duas/089-dua-for-faith-surah-al-baqara-2-112.mp3	mp3	audio/mpeg	ea1c501afa3a5de70f46af9b8d72cb992d2a4f95d669a97cf2d315da28f1fd2c	492494
090 — নিরাপদ নগরী ও রিজিকের দোয়া — ধীর ও স্পষ্ট অডিও.mp3		duas/090-dua-for-faith-surah-al-baqara-2-126.mp3	mp3	audio/mpeg	06e1d7e9541b0c7d8baff2b22bd2c12f74c29ebc7809b4469151f85bb9974c9a	1176776
091 — নবী প্রেরণের জন্য ইবরাহীমের দোয়া — ধীর ও স্পষ্ট অডিও.mp3		duas/091-dua-for-guidance-surah-al-baqara-2-129.mp3	mp3	audio/mpeg	f119cf59c0e9dcc55e625bf346ed80e141e207a4f48fe78e2860908daa0626c9	782804
092 — বিশ্বপালকের অনুগত্যের ঘোষণা — ধীর ও স্পষ্ট অডিও.mp3		duas/092-dua-for-faith-surah-al-baqara-2-131.mp3	mp3	audio/mpeg	8a1e8d04fc12116a62a38fa3f7868ff72747ccdf9335adc640e7e9558053f038	411848
093 — আল্লাহকে গভীরভাবে স্মরণের নির্দেশ — আয়াত — ধীর ও স্পষ্ট অডিও.mp3		duas/093-dua-for-family-surah-al-baqara-2-200.mp3	mp3	audio/mpeg	f0a5d2c173c5a996fdff42df97a15d2a4706baa4bc76030effa4c24817593974	841956
094 — আল্লাহর সার্বভৌমত্ব ও জীবনের মালিকানা — ধীর ও স্পষ্ট অডিও.mp3		duas/094-dua-for-guidance-surah-al-baqara-2-258.mp3	mp3	audio/mpeg	00af7d971b14e5dcbaca9efe163a1a6994eb2a0fa5bcbb9f50ef9584e1db7345	1272028
095 — অন্তরের প্রশান্তির জন্য ইবরাহীমের দোয়া — ধীর ও স্পষ্ট অডিও.mp3		duas/095-dua-for-faith-surah-al-baqara-2-260.mp3	mp3	audio/mpeg	768b1d4caae7503cc8c7618dc7d8867910df3df7c13cda03c581551499ea7b8d	1207520
096 — নিঃস্বার্থ দানের প্রতিদানের আয়াত — ধীর ও স্পষ্ট অডিও.mp3		duas/096-dua-for-guidance-surah-al-baqara-2-262.mp3	mp3	audio/mpeg	008f0b5203274cfb540f6bc1066ffd5443c0a91955cfe1e720cb15255a46e8d7	1005524
097 — রাত-দিন দানকারীর পুরস্কারের আয়াত — ধীর ও স্পষ্ট অডিও.mp3		duas/097-dua-for-guidance-surah-al-baqara-2-274.mp3	mp3	audio/mpeg	cb240577d2d407da62c1828dc0d2f7193d42f49ab2e3e97ada58cc6beb8e4072	853460
098 — ভয় ও দুঃখমুক্ত জীবনের সুসংবাদ — ধীর ও স্পষ্ট অডিও.mp3		duas/098-dua-for-faith-surah-al-baqara-2-277.mp3	mp3	audio/mpeg	8e0b5c857482ebf990d428c7d1bbcfb9e15b7f7e7799217b744db64f7c036d6b	692942
099 — ঈমান ও ক্ষমার দোয়া — ধীর ও স্পষ্ট অডিও.mp3		duas/099-dua-for-forgiveness-surah-al-baqara-2-285.mp3	mp3	audio/mpeg	23ebd8b131145d60537e0f95a742f57571290627caf4954cb1bd21a74e9ec782	1124536
100 — ইলমে গভীরতার আয়াত — ধীর ও স্পষ্ট অডিও.mp3		duas/100-dua-for-faith-surah-aal-i-imraan-3-7.mp3	mp3	audio/mpeg	e795a0f59d7aa21bed70b8bf1f6e4a52046b2d6024ddd280b4c91359a2c5f4a4	1245878
101 — কিয়ামে সমবেত হওয়ার বিশ্বাসের দোয়া — ধীর ও স্পষ্ট অডিও.mp3		duas/101-dua-for-guidance-surah-aal-i-imraan-3-9.mp3	mp3	audio/mpeg	1df2e052271d94657601d1bdd91f50be4f42c1843b7c6776b9b784b43ab2aee4	544730
102 — মুতাক্কীদের জান্নাতের সুসংবাদদের আয়াত — ধীর ও স্পষ্ট অডিও.mp3		duas/102-dua-for-guidance-surah-aal-i-imraan-3-15.mp3	mp3	audio/mpeg	5157956ec5bca8adead915bfd939426b6b5e9d9bf73ea5d1cf87187b001dbe83	954078
103 — সন্তানকে আল্লাহর পথে উৎসর্গের দোয়া — ধীর ও স্পষ্ট অডিও.mp3		duas/103-dua-for-family-surah-aal-i-imraan-3-35.mp3	mp3	audio/mpeg	79b93f82651d904520aec1dd6832d0cf71b858560d07bac550966e1ecd04ce9e	1033944
104 — সন্তানকে শয়তান থেকে রক্ষার দোয়া — ধীর ও স্পষ্ট অডিও.mp3		duas/104-dua-for-family-surah-aal-i-imraan-3-36.mp3	mp3	audio/mpeg	418d18523779f2b593e509deed1d371be6bd305e80bb12520631f7b5cf643245	990164
105 — বার্ধক্যে সন্তান লাভের আশার আয়াত — ধীর ও স্পষ্ট অডিও.mp3		duas/105-dua-for-guidance-surah-aal-i-imraan-3-40.mp3	mp3	audio/mpeg	79ae148df253e0712ccd82647d0ccdfe2d2fcc119edf8ec330c0b3f06a862b1e	711380
106 — নিদর্শন চাওয়ার দোয়া — ধীর ও স্পষ্ট অডিও.mp3		duas/106-dua-for-guidance-surah-aal-i-imraan-3-41.mp3	mp3	audio/mpeg	3b73c8e6b56b2069eedf47e8f22257d3183fb32c666d808aad11eb2adf9f2da3	1493180
107 — ইবাদতে একনিষ্ঠতার আয়াত — ধীর ও স্পষ্ট অডিও.mp3		duas/107-dua-for-guidance-surah-aal-i-imraan-3-43.mp3	mp3	audio/mpeg	43c27374e4e684a797e82172246416ad1baeb9effd2d8c95e18ea3e57fee08f0	573120
108 — আল্লাহর অসীম কুদরতে আশার আয়াত — ধীর ও স্পষ্ট অডিও.mp3		duas/108-dua-for-guidance-surah-aal-i-imraan-3-47.mp3	mp3	audio/mpeg	209724cd87a04fb942a3e47a800c610ec1457d1461a1766072114dd158a8e287	1132238
109 — আল্লাহর ইবাদতই সরল পথ — আয়াত — ধীর ও স্পষ্ট অডিও.mp3		duas/109-dua-for-guidance-surah-aal-i-imraan-3-51.mp3	mp3	audio/mpeg	2c3063178c5a8fac48fc8f498e7e19893ca648a7835468be80ef023415fa7d4c	547020
110 — হেদায়াত একমাত্র আল্লাহর — আয়াত — ধীর ও স্পষ্ট অডিও.mp3		duas/110-dua-for-guidance-surah-aal-i-imraan-3-73.mp3	mp3	audio/mpeg	af650bf0e51d03da64acb88a90f3a30c873d57f589700b028c366fa84010f6df	1137618
111 — জ্ঞানের জন্য বিনয় প্রকাশের দোয়া — ধীর ও স্পষ্ট অডিও.mp3		duas/111-dua-for-guidance-surah-al-baqara-2-32.mp3	mp3	audio/mpeg	995ad6780711a9f6a2ee3e40ec68208ca5d8278f6e8368fcc043c77694f1edc3	442580
112 — রাজত্ব ও সাম্রাজ্যের মালিকের কাছে দোয়া — ধীর ও স্পষ্ট অডিও.mp3		duas/112-dua-for-guidance-surah-aal-i-imraan-3-26.mp3	mp3	audio/mpeg	2f0bf2adb2966c53a9441dc98b7d499eebcc4b45e836d358cdd0c78b22dbe33d	402656
113 — সাক্ষ্যদানকারীদের দলে লেখার দোয়া — ধীর ও স্পষ্ট অডিও.mp3		duas/113-dua-for-faith-surah-al-maaidah-5-83.mp3	mp3	audio/mpeg	d494f7441ad619fa78475765220f5358b2d7c7041e8bdade7f5965f77c52dd20	366548
114 — আসমানি রিজিক চাওয়ার দোয়া — ধীর ও স্পষ্ট অডিও.mp3		duas/114-dua-for-guidance-surah-al-maaidah-5-114.mp3	mp3	audio/mpeg	20d7b77f492b2ff5e25baa2b76358a37207472f03cffaffe4b13722dd5be8b74	259014
115 — জালিমদের দলে না পড়ার দোয়া — ধীর ও স্পষ্ট অডিও.mp3		duas/115-dua-for-protection-surah-al-araaf-7-47.mp3	mp3	audio/mpeg	1966c7b9417917c4afbfa1fd3d6fa15afdc610a59ecf048e62fcef0b45c9ddad	371912
116 — আল্লাহই আমার জন্য যথেষ্ট — ভরসার দোয়া — ধীর ও স্পষ্ট অডিও.mp3		duas/116-dua-for-protection-surah-at-tawbah-9-129.mp3	mp3	audio/mpeg	4cabef4e58e63852b57d17f8ecbd07b84033b08ee972df2f14593e919c998dcb	356574
117 — কষ্ট দূরকারী একমাত্র আল্লাহ — ধীর ও স্পষ্ট অডিও.mp3		duas/117-dua-for-protection-surah-yunus-10-107.mp3	mp3	audio/mpeg	615523b0803801dc4189e41f6112d1885c830f3b14086c31156d671b08495b5c	475592
118 — আল্লাহর কাছে তাওফীক চাওয়ার দোয়া — ধীর ও স্পষ্ট অডিও.mp3		duas/118-dua-for-guidance-surah-hud-11-88.mp3	mp3	audio/mpeg	1596309d24600cbb99119000bdabf8c01db26d46f2aa3b0b0511264fd65b257b	398804
119 — গুনাহ থেকে বাঁচতে ইউসুফ নবীর দোয়া — ধীর ও স্পষ্ট অডিও.mp3		duas/119-dua-for-protection-surah-yusuf-12-33.mp3	mp3	audio/mpeg	63d0141c967a3c97777ed155048cd3ab1624cb6d086ae3eaf5690cc5228454f8	333526
120 — নিজেকে সংশোধনের শিক্ষা — আয়াত — ধীর ও স্পষ্ট অডিও.mp3		duas/120-dua-for-guidance-surah-ar-rad-13-11.mp3	mp3	audio/mpeg	98f3289c2513e37df78600bb176d28ed75f9f4bb05198bf09178c7968c607b76	331214
121 — শোকে নিয়ামত বৃদ্ধির আয়াত — ধীর ও স্পষ্ট অডিও.mp3		duas/121-dua-for-faith-surah-ibrahim-14-7.mp3	mp3	audio/mpeg	64c1eff739e05508e3ed9f763c43f266af242922c7a8d594ea4556f00a7a592f	343494
122 — পবিত্র জীবনের প্রতিশ্রুতির আয়াত — ধীর ও স্পষ্ট অডিও.mp3		duas/122-dua-for-faith-surah-an-nahl-16-97.mp3	mp3	audio/mpeg	4fe7ae1488baf4d6665b9ff18198203804cdebac95510361cd5a3817adb8611f	381138
123 — আল্লাহর প্রশংসার দোয়া — ধীর ও স্পষ্ট অডিও.mp3		duas/123-dua-for-guidance-surah-al-israa-17-111.mp3	mp3	audio/mpeg	fee701491b1a2e2cda79f0024f8fb165e29d3f4d50b95d2972e609298f27c519	285886
124 — বার্ধক্যে আশা না হারানোর দোয়া — ধীর ও স্পষ্ট অডিও.mp3		duas/124-dua-for-guidance-surah-maryam-19-4.mp3	mp3	audio/mpeg	6626201577536a096a4ef3a0ea00c3c31d872bdaa7cd099bd38efabb4aaffb22	259022
125 — উত্তরসূরি নিয়ে দুশ্চিন্তার সময়ের দোয়া — ধীর ও স্পষ্ট অডিও.mp3		duas/125-dua-for-faith-surah-maryam-19-5.mp3	mp3	audio/mpeg	6f73ee68d6353312c462ed12bae54833302a0f2019a67c2798f6e1be9bd0711c	394978
126 — উত্তরাধিকারী সন্তান চাওয়ার দোয়া — ধীর ও স্পষ্ট অডিও.mp3		duas/126-dua-for-guidance-surah-maryam-19-6.mp3	mp3	audio/mpeg	ce8e9c628d420a0a5b8b9caba5db8fffbeb32ca369881d77abf103f67dbf00e7	302804
127 — ইনসাফ ও সাহায্যের দোয়া — ধীর ও স্পষ্ট অডিও.mp3		duas/127-dua-for-guidance-surah-al-anbiyaa-21-112.mp3	mp3	audio/mpeg	c95b438124489f106e2f0de70c954bf32d175a4019f0b1500b5b1d48af6ef921	312768
128 — অধিকারকারীদের বিরুদ্ধেসাহায্যের দোয়া — ধীর ও স্পষ্ট অডিও.mp3		duas/128-dua-for-guidance-surah-al-muminoon-23-26.mp3	mp3	audio/mpeg	7f654aedb1e199859d6d184edfd1ce812a5f006f515a03700963f0352f80b289	388830
129 — খিলাফত ও নিরাপত্তার ওয়াদার আয়াত — ধীর ও স্পষ্ট অডিও.mp3		duas/129-dua-for-guidance-surah-an-noor-24-55.mp3	mp3	audio/mpeg	586c65dad52a55efdfb3a6f94ff664939f195d94f7147ff40a6755dadaeeda0d	414164
130 — বিনয়ী বান্দাদের গুনের আয়াত — ধীর ও স্পষ্ট অডিও.mp3		duas/130-dua-for-guidance-surah-al-furqaan-25-63.mp3	mp3	audio/mpeg	36ba531afd224440a02dcbe0da24e1bd996dc7bb555c87ff175172435909de06	315848
131 — ইবরাহীম (আঃ)-এর নেক সন্তানের দোয়া — ধীর ও স্পষ্ট অডিও.mp3		duas/131-dua-for-family-surah-as-saaffaat-37-100.mp3	mp3	audio/mpeg	036a889d3f254d86d51a72f0cc803f3f41464e4637e9bd25ea34393b6cc79347	358102
132 — আজাব দূর হওয়ার আকুতির দোয়া — ধীর ও স্পষ্ট অডিও.mp3		duas/132-dua-for-forgiveness-surah-ad-dukhaan-44-12.mp3	mp3	audio/mpeg	96e6b73948ba0e3ff91fe5805d42a13cf6305ad944a929ac17ac3140ef1baf5f	515530
133 — আল্লাহর সুন্দর নামসমূহের আয়াত — ধীর ও স্পষ্ট অডিও.mp3		duas/133-dua-for-guidance-surah-al-hashr-59-22.mp3	mp3	audio/mpeg	7d9dbe74511f33f021e7ef6d0c231d351bcd03851b2f05627022ae58b583f6e2	580814
134 — সাইয়্যিদুল ইস্তিগফার — ধীর ও স্পষ্ট অডিও.mp3		duas/134-dua-for-forgiveness-surah-quran-x-134.mp3	mp3	audio/mpeg	31bd70b035eac3e53ea1feac7b4cca21e28e806d0139c37a47a9eb83eb977b84	289724
135 — দোয়া মাসুরা — নামাজে ক্ষমা চাওয়ার দোয়া — ধীর ও স্পষ্ট অডিও.mp3		duas/135-dua-for-forgiveness-surah-quran-x-135.mp3	mp3	audio/mpeg	16e8eaad0b2c5df09703d035668663767d9ef9ce9427cb61906e734c9ce7d86c	259044
136 — হেদায়াত, তাকওয়া ও অভাবমুক্তির দোয়া — ধীর ও স্পষ্ট অডিও.mp3		duas/136-dua-for-guidance-surah-quran-x-136.mp3	mp3	audio/mpeg	8fc45541ecf5c445e5cc99d6ba862f3c227f56900034d6f06549b8be4881e11d	398812
137 — দুনিয়া-আখিরাতে আফিয়াতের দোয়া — ধীর ও স্পষ্ট অডিও.mp3		duas/137-dua-for-forgiveness-surah-quran-x-137.mp3	mp3	audio/mpeg	dfef267289178b6da67a663df331938636be872017056d8de9cda1b65c275e66	314320
138 — দুশ্চিন্তা ও দুঃখ থেকে মুক্তির দোয়া — ধীর ও স্পষ্ট অডিও.mp3		duas/138-dua-for-protection-surah-quran-x-138.mp3	mp3	audio/mpeg	091059f5f9f362f83e27f18a7b81bd5baa8fcaa40b55e1a790d329d17282cfad	753626
139 — উপকারী জ্ঞান লাভের দোয়া — ধীর ও স্পষ্ট অডিও.mp3		duas/139-dua-for-forgiveness-surah-quran-x-139.mp3	mp3	audio/mpeg	3cb51d19468d5e609a9b6df16d1be3cd0fa36b81e54747331530d7b6969ed166	381890
140 — কোনো স্থানে অবতরণের দোয়া — ধীর ও স্পষ্ট অডিও.mp3		duas/140-dua-for-protection-surah-quran-x-140.mp3	mp3	audio/mpeg	241041b5f0ed1a5a027f4b81b683ad6e31fcccc8d6f9dbfa453f5b933f6a41a4	375748
141 — সকাল-সন্ধ্যায় ক্ষতি থেকে সুরক্ষার দোয়া — ধীর ও স্পষ্ট অডিও.mp3		duas/141-dua-for-protection-surah-quran-x-141.mp3	mp3	audio/mpeg	b1df07324a50baff636940465622d8227d784bcaecdb2c771eaafcf30cdf72a0	358114
142 — দ্বীনের উপর সন্তুষ্টির জিকির — ধীর ও স্পষ্ট অডিও.mp3		duas/142-dua-for-guidance-surah-quran-x-142.mp3	mp3	audio/mpeg	a066c5accef44af8e8d177dabe2566c8e79d33b3114f61d969a4645738def2d1	477898
143 — লা ইলাহা ইল্লাল্লাহ — শ্রেষ্ঠ জিকির — ধীর ও স্পষ্ট অডিও.mp3		duas/143-dua-for-guidance-surah-quran-x-143.mp3	mp3	audio/mpeg	44071e1c662189154324f1dc9dc027feda9ed28e08ef98978d14dfc4a21944ac	338904
144 — সুবহানাল্লাহি ওয়া বিহামদিহি — সহজ জিকির — ধীর ও স্পষ্ট অডিও.mp3		duas/144-dua-for-forgiveness-surah-quran-x-144.mp3	mp3	audio/mpeg	539b7f0a70dba11bc63b6d546df3cde54a36c6f6e3674e17edb86578a3a7812c	360418
145 — সুবহানাল্লাহিল আজিম — প্রিয় জিকির — ধীর ও স্পষ্ট অডিও.mp3		duas/145-dua-for-guidance-surah-quran-x-145.mp3	mp3	audio/mpeg	97676d475dbac41774900c3a4302c7ebc3cff69944ce22021c8d3f226e51507a	392662
146 — আস্তাগফিরুল্লাহ — প্রতিদিনের ইস্তেগফার — ধীর ও স্পষ্ট অডিও.mp3		duas/146-dua-for-forgiveness-surah-quran-x-146.mp3	mp3	audio/mpeg	def7eee8282290a80e0dda72c43e3a1b816cf9c58e829cf74f41d51152704a92	387294
147 — অন্তর স্থির রাখার দোয়া — ধীর ও স্পষ্ট অডিও.mp3		duas/147-dua-for-patience-surah-quran-x-147.mp3	mp3	audio/mpeg	739fa93745baf9ef0e2971cdd98d7df1df50f95de1622acaabdafbcf3ee12dbf	361920
148 — দ্বীন-দুনিয়া সংশোধনের দোয়া — ধীর ও স্পষ্ট অডিও.mp3		duas/148-dua-for-faith-surah-quran-x-148.mp3	mp3	audio/mpeg	26ac9614bca6dfd9942bc8d0fa276fa73712f06a7dc29818daa911aa583ac2d1	631498
149 — জান্নাত চাওয়া ও জাহান্নাম থেকে পানাহের দোয়া — ধীর ও স্পষ্ট অডিও.mp3		duas/149-dua-for-protection-surah-quran-x-149.mp3	mp3	audio/mpeg	b91c14490e280a2129602b65f6a1875dd16de51d0f822c76bb62f1fe95a0c4ff	477164
150 — আজাব থেকে বাঁচার দোয়া — ধীর ও স্পষ্ট অডিও.mp3		duas/150-dua-for-protection-surah-quran-x-150.mp3	mp3	audio/mpeg	a59ca0220c1688f672c0756844f58dcaeeb698dba97e5cc0179aaec183449cd3	285118
151 — ঘুমানোর দোয়া — ধীর ও স্পষ্ট অডিও.mp3		duas/151-dua-for-guidance-surah-quran-x-151.mp3	mp3	audio/mpeg	20446b0bf9cce117d9458330090a52d87a52cd12605fefebccd3a625f415c72f	149164
152 — ঘুম থেকে জাগার দোয়া — ধীর ও স্পষ্ট অডিও.mp3		duas/152-dua-for-guidance-surah-quran-x-152.mp3	mp3	audio/mpeg	5ca1982ce56e6ad1e4f45e7bf54272a47e149ffb894c80997146c05d8a8b2c34	461754
153 — ঘরে প্রবেশের দোয়া — ধীর ও স্পষ্ট অডিও.mp3		duas/153-dua-for-guidance-surah-quran-x-153.mp3	mp3	audio/mpeg	602adb160a823c2eb9b429170921c6f0306526d63300f8cdba70100feae326b9	635318
154 — ঘর থেকে বের হওয়ার দোয়া — ধীর ও স্পষ্ট অডিও.mp3		duas/154-dua-for-protection-surah-quran-x-154.mp3	mp3	audio/mpeg	c255712bf0a5312f8ec65d742d9b7e6552e6632e9b792d5ac9817dfabde79df1	341186
155 — জিকির ও শোকে সাহায্যের দোয়া — ধীর ও স্পষ্ট অডিও.mp3		duas/155-dua-for-guidance-surah-quran-x-155.mp3	mp3	audio/mpeg	afce347fcdbfa2fdfbbb688fac28734f82dd8c7e72c21c841feba226af9db10f	560074
156 — আল্লাহর ভালোবাসা লাভের দোয়া — ধীর ও স্পষ্ট অডিও.mp3		duas/156-dua-for-guidance-surah-quran-x-156.mp3	mp3	audio/mpeg	252a33e04a848eaadd31823df9e5b94fd00fd17fdb8053789f1bae70b4bb6077	282058
157 — নিয়ামত হারানো থেকে আশ্রয়ের দোয়া — ধীর ও স্পষ্ট অডিও.mp3		duas/157-dua-for-protection-surah-quran-x-157.mp3	mp3	audio/mpeg	2db5d5f3b7fcfec4af95804baee82217a7daeee3da80e4c8c4b8be3a77be51d8	370390
158 — জাহান্নামের আজাব থেকে আশ্রয়ের দোয়া — ধীর ও স্পষ্ট অডিও.mp3		duas/158-dua-for-patience-surah-quran-x-158.mp3	mp3	audio/mpeg	c3252ba0fc0bd91fc3b29f449e8a41c65455657e76ae436b0eea21366e6d6d7f	400346
159 — রোগী দেখার দোয়া — ধীর ও স্পষ্ট অডিও.mp3		duas/159-dua-for-guidance-surah-quran-x-159.mp3	mp3	audio/mpeg	a275e974b12c49ff8dddc6db6c5557346d4a037c21ac0ecb0872526a6d1b44f8	352690
160 — শরীরে ব্যথা অনুভব করলে পড়ার দোয়া — ধীর ও স্পষ্ট অডিও.mp3		duas/160-dua-for-protection-surah-quran-x-160.mp3	mp3	audio/mpeg	198b8d46e91e3fd49be39fa298102756c92e95473ba0f1221b2f8a85d044e485	322006
161 — আয়নায় দেখার দোয়া — ধীর ও স্পষ্ট অডিও.mp3		duas/161-dua-when-looking-in-the-mirror.mp3	mp3	audio/mpeg	08ee80ad0bc3cfb1e80491d03a954f5ee297b002467f5f782c27bf85904c55bc	320440
162 — নতুন জামাকাপড় পরার দোয়া — ধীর ও স্পষ্ট অডিও.mp3		duas/162-dua-when-wearing-new-clothes.mp3	mp3	audio/mpeg	57d8b46ebbfc4ff81b479295eadd8940eddb0020c0918f25cc32c0da4375d9cc	765124
163 — সূরা ইখলাস — ধীর ও স্পষ্ট অডিও.mp3		duas/163-surah-al-ikhlas.mp3	mp3	audio/mpeg	ffbf1bcd7e39aeef5f3f7d69e896097dec0d879109b4b3488de7814d2de2c8b0	585382
164 — জাহান্নাম থেকে বাঁচার দোয়া — ধীর ও স্পষ্ট অডিও.mp3		duas/164-allahumma-ajirni-minan-naar.mp3	mp3	audio/mpeg	69c258b6787f859718c2623518f3971b4adffb44b895c3b86a849cb8f1a58f42	275912
165 — ঘুমানোর আগের দোয়া — ধীর ও স্পষ্ট অডিও.mp3		duas/165-dua-before-sleeping.mp3	mp3	audio/mpeg	9e2582dfd093fda29cc4be37828a47b16ff4573cc323ecc1ddfa7837cc353933	282038
167 — রোযা অবস্থায় ঝগড়ার সময় দোয়া — ধীর ও স্পষ্ট অডিও.mp3		duas/167-dua-when-provoked-while-fasting.mp3	mp3	audio/mpeg	b48ee6319e181f21e2bd55df6ca49da2536561eb5888ebae795af79393373312	308176
168 — রোগীর জন্য দোয়া — ধীর ও স্পষ্ট অডিও.mp3		duas/168-dua-for-the-sick.mp3	mp3	audio/mpeg	9784c0ff36d4521ce84c9012e70bcdb1a3db7e45f44e23c3f4cc64fcf461f5be	723634
169 — টয়লেটে প্রবেশের দোয়া — ধীর ও স্পষ্ট অডিও.mp3		duas/169-dua-before-entering-toilet.mp3	mp3	audio/mpeg	ee5f269d03639d27bf04d1eb82a6a383e8f221e236a5ffe99a212a1244fa31b5	423358
170 — আয়াতুল কুরসী — ধীর ও স্পষ্ট অডিও.mp3		duas/170-ayatul-kursi.mp3	mp3	audio/mpeg	75d99a65dc13bd5a17fba31348289e4297ae3ff6c7b864fdb5dbe567263fefe7	1923244
171 — সূরা ফালাক্ব — ধীর ও স্পষ্ট অডিও.mp3		duas/171-surah-al-falaq.mp3	mp3	audio/mpeg	5dd6fc239d59539a552f592ae0a1e583bb5ff276308fed51088b5272bd6100b6	911018
172 — পিতা-মাতার জন্য দোয়া — ধীর ও স্পষ্ট অডিও.mp3		duas/172-dua-for-parents.mp3	mp3	audio/mpeg	b24aa4a9a3b5613f066636216317c4f9c05a60ce1d2fab333772476860471398	345020
173 — সফরের দোয়া — ধীর ও স্পষ্ট অডিও.mp3		duas/173-dua-for-travel.mp3	mp3	audio/mpeg	07e2c9014ca99ebafb9f78010dd4eedfb8c9dbab2b28ea6291b00137dd92caa1	621480
174 — সেহরির দোয়া (রোযার নিয়ত) — ধীর ও স্পষ্ট অডিও.mp3		duas/174-dua-for-sehri-intention-for-fasting.mp3	mp3	audio/mpeg	15c673fff1e768c56eca2025c8e384c6d4151f6a9c8daf1da4c29576ad3df1b6	312006
175 — সূরা নাস — ধীর ও স্পষ্ট অডিও.mp3		duas/175-surah-an-nas.mp3	mp3	audio/mpeg	fe5d4a331c899095147de8e008e8c6f97e9388dc37c73e9fbcd47546c1c84ac6	1192098
176 — অযুর পর দোয়া — ধীর ও স্পষ্ট অডিও.mp3		duas/176-dua-after-wudu.mp3	mp3	audio/mpeg	d008a52a1d7a51c821335923d22a43c42d315cb3f766f5948031718fbc12c1b9	531628
177 — তারাবীর নামাজের দোয়া — ধীর ও স্পষ্ট অডিও.mp3		duas/177-dua-after-every-4-rakats-of-taraweeh.mp3	mp3	audio/mpeg	2a2dd3cb8b11d0e4e96eafd5f9cddd889ad165c42014fbb67fca1c88e924c2a5	566204
178 — ইসমে আযমের দোয়া (অত্যন্ত ফজিলতপূর্ণ) — ধীর ও স্পষ্ট অডিও.mp3		duas/178-ইসমে-আযমের-দোয়া-অত্যন্ত-ফজিলতপূর্ণ.mp3	mp3	audio/mpeg	02baacd29132fad5e6e50f73d8b6a747d10341bcc5e017df615783433884e83e	909532
179 — সূরা বাকারা ২:২৮৬ — ধীর ও স্পষ্ট অডিও.mp3		duas/179-al-baqarah-2-286.mp3	mp3	audio/mpeg	5a1db090d6f78e50f1f42b04b35a4bdfd0c53427161883f6f1c67745d32d0b3e	1818036
180 — সূরা বাকারা ২:২৮৫ — ধীর ও স্পষ্ট অডিও.mp3		duas/180-al-baqarah-2-285.mp3	mp3	audio/mpeg	4b2c83439b776f7a0f0f6e8495fc653590335dfc4364b8e3054ccb10a4a4d695	1126068
181 — বিপদের সময় দোয়া — ধীর ও স্পষ্ট অডিও.mp3		duas/181-dua-in-times-of-distress.mp3	mp3	audio/mpeg	a5298a02bc91c4b0f295019711ed95265d297ce3c539ac3efcd6800d3f6e0e03	1209012
182 — সন্তানের জন্য দোয়া — ধীর ও স্পষ্ট অডিও.mp3		duas/182-dua-for-children.mp3	mp3	audio/mpeg	e2ddfa2f300f1f54ede69d447f99d5d1c6ba6ac01f25b73ed9273c9a43a6fbfa	580792
183 — বৃষ্টির সময় দোয়া — ধীর ও স্পষ্ট অডিও.mp3		duas/183-dua-when-it-rains.mp3	mp3	audio/mpeg	879d40785ea6057fb04865ce20dfa26804d10592f3db95b1a532349b428803b6	337334
184 — উপকারী জ্ঞানের দোয়া — ধীর ও স্পষ্ট অডিও.mp3		duas/184-dua-for-beneficial-knowledge.mp3	mp3	audio/mpeg	8c5cb9ac2957f49881fbd3dc01dc6790c7b5b60c33a31eb2961f2ea190b244c9	558522
185 — চিন্তা ও দুঃখ দূরের দোয়া — ধীর ও স্পষ্ট অডিও.mp3		duas/185-dua-for-anxiety-and-sorrow.mp3	mp3	audio/mpeg	b5014723aa615685fab658b4b7aa86c5ab0dbf62d13e4e1184bc9a88f35f826e	1007812
186 — ইফতারের দোয়া — ধীর ও স্পষ্ট অডিও.mp3		duas/186-dua-for-breaking-fast.mp3	mp3	audio/mpeg	49bf7ffb42a372a17b60fbbaca23ba4807301e78f5fdba8ad86c8af1aac62271	458668
187 — খাবার শেষের দোয়া — ধীর ও স্পষ্ট অডিও.mp3		duas/187-dua-after-eating.mp3	mp3	audio/mpeg	02cfb293aaceb0f0e679128bd2f9cf08b4b1e7ac1775dc5d775424a0695fb12c	434868
188 — সায়্যিদুল ইস্তিগফার — ধীর ও স্পষ্ট অডিও.mp3		duas/188-the-master-of-seeking-forgiveness.mp3	mp3	audio/mpeg	96ffd30ba0ee7982d7a962dadccae5c75824629d5f3ad8305e6945f481f09042	988602
189 — বদনজর থেকে রক্ষার দোয়া — ধীর ও স্পষ্ট অডিও.mp3		duas/189-dua-for-protection-from-evil-eye.mp3	mp3	audio/mpeg	3705409f1c9035a58feddb752c6181378db54b6973da95cd2db0494ae7e8c6c6	652224
190 — বিতর নামাজের দোয়া কুনুত — ধীর ও স্পষ্ট অডিও.mp3		duas/190-dua-qunut-for-witr-prayer.mp3	mp3	audio/mpeg	66bf37c2a7e0be23ade78c1b1c6b8dbbc19d267e0b4ad2e9b2398b6c480aec05	1233602
191 — সূরা আল-ফাতিহা — ধীর ও স্পষ্ট অডিও.mp3		duas/191-surah-al-fatihah.mp3	mp3	audio/mpeg	7233e026578c9c14c2b676906b37e51852ce0b56e39006a993b5389fbf9004ce	1656750
192 — জানাযার দোয়া — ধীর ও স্পষ্ট অডিও.mp3		duas/192-dua-for-funeral-prayer.mp3	mp3	audio/mpeg	0b90ba6d8fd8eddda635a7f906f5b97c0321f37e7282a4bb614f668ddef5f125	1041580
193 — লাইলাতুল কদরের বিশেষ দোয়া — ধীর ও স্পষ্ট অডিও.mp3		duas/193-special-dua-for-laylatul-qadr.mp3	mp3	audio/mpeg	8381de88ef8b9376c10885126ad1de05985a233bd5d6459040c8d89dbce3a1fb	338886
194 — হজ্জের তালবিয়া — ধীর ও স্পষ্ট অডিও.mp3		duas/194-talbiyah-hajj-chant.mp3	mp3	audio/mpeg	51b4eec25a5f611f25c71bff49fc94e7c86fe56cf846b711bbf7fc9f1794427f	715952
195 — খাবার শুরুর দোয়া — ধীর ও স্পষ্ট অডিও.mp3		duas/195-dua-before-eating.mp3	mp3	audio/mpeg	2c7e91fc5fc9fb2ee30643b63075cb2b590ae33130a11c04fb61594b4b85474e	250548
196 — জাদু ও অশুভ শক্তির বিরুদ্ধে কুরআনের শক্তিশালী আয়াত — ধীর ও স্পষ্ট অডিও.mp3		duas/196-verses-against-magic.mp3	mp3	audio/mpeg	1e9c147c7bf5fb2e5000acc813dd19db85ae23221384d35649e5004a1876d456	1500918
197 — সকালের যিকির — ধীর ও স্পষ্ট অডিও.mp3		duas/197-morning-remembrance.mp3	mp3	audio/mpeg	00c4e7e2853c41e56b4a29a4915760180bd4cf49e2cd4eee35c1bf9ad99af6ed	500138
198 — ইস্তিখারার দোয়া — ধীর ও স্পষ্ট অডিও.mp3		duas/198-dua-for-guidance-istikhara.mp3	mp3	audio/mpeg	2fd138d999e46b7f2ecf3ea4847cb9ce97344dfd4f520cca824e9d55fd50a4c7	729010
199 — মসজিদ থেকে বের হওয়ার দোয়া — ধীর ও স্পষ্ট অডিও.mp3		duas/199-dua-when-leaving-masjid.mp3	mp3	audio/mpeg	a2f4d64884f305e71230105a3cdb6983eb98030a50c1c397c4e7a96390195692	319688
200 — সূরা ফালাক — ধীর ও স্পষ্ট অডিও.mp3		duas/200-surah-al-falaq-2.mp3	mp3	audio/mpeg	6b96d644aedf47c2f4b28a561e94cd2486a4cd87809e3ecc8560edfd16f9affe	992422
201 — সূরা আন-নাস — ধীর ও স্পষ্ট অডিও.mp3		duas/201-surah-an-nas-2.mp3	mp3	audio/mpeg	0c3b91c172f900f43999a45b039af55a25927c45d590b9a0a41393398d8c6cbb	1256616
202 — হেদায়েতের দোয়া — ধীর ও স্পষ্ট অডিও.mp3		duas/202-dua-for-guidance.mp3	mp3	audio/mpeg	03020b3c1007afdec8ed63a3a4755473698ee9353b88248d1d751d23b3b5c331	369586
203 — সাহুর／সেহরির দোয়া (রোজার নিয়ত) — ধীর ও স্পষ্ট অডিও.mp3		duas/203-intention-for-fasting.mp3	mp3	audio/mpeg	be7dd56e70912d694c43b35fcee7ac0729656aaf822ab78b36bbe5860f80ad3c	404946
204 — জ্ঞান বৃদ্ধির দোয়া — ধীর ও স্পষ্ট অডিও.mp3		duas/204-dua-for-increase-in-knowledge.mp3	mp3	audio/mpeg	0ff16f734904c5b63c4ee2cce62923e765e3467913763d1eb8593e9d4a1b4b70	275896
205 — সালাতের পরে দোয়া — ধীর ও স্পষ্ট অডিও.mp3		duas/205-dua-after-salah.mp3	mp3	audio/mpeg	86f83f4e545c2200715100f1f1e05b70bb205d2fb846e891eb6adba5102e24d3	666036
206 — লাইলাতুল ক্বদরের দোয়া — ধীর ও স্পষ্ট অডিও.mp3		duas/206-dua-for-laylatul-qadr.mp3	mp3	audio/mpeg	8c03ce63e7054f0444b1b32501a65d076e65b796a1f67524d2e7c9ec36115f22	381118
207 — সন্ধ্যার যিকির — ধীর ও স্পষ্ট অডিও.mp3		duas/207-evening-remembrance.mp3	mp3	audio/mpeg	c657dab3d4c7b20816caf5cb9c3968a8a4216eb33163e88509948e895dfd62b1	648366
208 — ঈমান বৃদ্ধির দোয়া — ধীর ও স্পষ্ট অডিও.mp3		duas/208-dua-for-steadfastness-in-faith.mp3	mp3	audio/mpeg	a6c0f568c24c34b7f67f1aca00d6c6d4bd0c05d264be6178d5d1ceba1526bfbb	480950
209 — আয়াতুল কুরসি — ধীর ও স্পষ্ট অডিও.mp3		duas/209-ayatul-kursi-2.mp3	mp3	audio/mpeg	c0dc98b23bb274bdc4831ddb87de69b4e86c2a1e8561b79965814712b83be37e	1251244
210 — ইউনুস (আ.) এর দোয়া — ধীর ও স্পষ্ট অডিও.mp3		duas/210-dua-of-prophet-yunus.mp3	mp3	audio/mpeg	5a18395c50a790a394d1db28fd38cedfb8a5be3a081652f85caaf1db77553c56	508600
211 — মসজিদে প্রবেশের দোয়া — ধীর ও স্পষ্ট অডিও.mp3		duas/211-dua-when-entering-masjid.mp3	mp3	audio/mpeg	4226e88824c531ce85c5229199bb4cc2181957bef560564dc6b97d95c4186ba0	358076
213 — দুরূদ ইব্রাহীম — ধীর ও স্পষ্ট অডিও.mp3		duas/213-durood-ibrahim.mp3	mp3	audio/mpeg	895d03593dca45c0b5e644d748fe10f789b1c435e098759754d23119f7902acc	982446
215 — রমযান মাসের বিশেষ দোয়া — ধীর ও স্পষ্ট অডিও.mp3		duas/215-special-dua-for-ramadan.mp3	mp3	audio/mpeg	d0f44c9784ead7404edbe8520126688fd1abc9c2e12443432ffdb6eb1b9947c3	606144
216 — টয়লেট থেকে বের হওয়ার দোয়া — ধীর ও স্পষ্ট অডিও.mp3		duas/216-dua-after-leaving-toilet.mp3	mp3	audio/mpeg	da70be32d4cb6c8d0a645cd19e87ad12c889d9313300eeffbcfb8049497635f2	254410
217 — কবর জিয়ারতের দোয়া — ধীর ও স্পষ্ট অডিও.mp3		duas/217-dua-when-visiting-graves.mp3	mp3	audio/mpeg	eb9053136e4c96f3d9a1b40ba86851f24fc5ef29b5bda12b393a2272e6e25586	579256
