source_filename	slug	content_type	status
হযরত_উমর_ইবনুল_খাত্তাব_রা_এর_ইসলাম_গ্রহণ_Final.mp3	umar-accepting-islam-story	audio/mpeg	matched by accepting-islam title
হযরত_ইউসুফ_(আ(2).mp3	prophet-yusuf-full-story	audio/mpeg	provisional: generic Yusuf title mapped to full-story record
হযরত_হুদ_(আ(2).mp3	prophet-hud-story-islam	audio/mpeg	matched
হযরত_লুত_(আ(1).mp3	prophet-lut-story-islam	audio/mpeg	matched by হযরত লুত title
হযরত_সালেহ_(আ(1).mp3	prophet-salih-story-islam	audio/mpeg	matched
হযরত_জাকারিয়া_(আ(2).mp3	prophet-zakariyya-story-islam	audio/mpeg	matched
হযরত_দাউদ_(আ.mp3	prophet-dawud-story-islam	audio/mpeg	matched
হযরত_শুয়াইব_(আ.mp3	prophet-shuayb-story-islam	audio/mpeg	matched
সালমান_ফারসী_(রা.mp3	salman-farsi-story-islam	audio/mpeg	matched
হযরত_ঈসা_(আ.mp3	prophet-isa-story-islam	audio/mpeg	matched by generic Isa title
হযরত_নূহ_(আ.mp3	prophet-nuh-story-islam	audio/mpeg	matched by হযরত নূহ title
হযরত_আদম_(আ.mp3	prophet-adam-story-islam	audio/mpeg	matched
হযরত_ইউনুস_আ_তওবা_Studio.wav	prophet-yunus-story-islam	audio/wav	matched by তওবা title
হযরত_আইয়ুব_আ_ধৈর্য_Studio.wav	prophet-ayyub-story-islam	audio/wav	matched
হযরত_ঈসা_আ_এর_অলৌকিক_জন্ম_Studio.mp3	prophet-isa-birth-story	audio/mpeg	matched by birth title
সুলায়মান_আ_ও_পিপীলিকা_Studio.mp3	prophet-sulayman-ant-story-islam	audio/mpeg	matched by ant title
হুদাইবিয়ার_সন্ধি_ও_বিজয়_Studio.mp3	prophet-muhammad-treaty-hudaybiyyah	audio/mpeg	matched
হিজরতের_রাত_ও_আলী_রা_এর_আত্মত্যাগ_Studio.mp3	prophet-muhammad-night-hijrah-ali	audio/mpeg	matched
সওর_গুহায়_আল্লাহর_কুদরত_Studio.mp3	abu-bakr-siddiq-companion-cave-islam	audio/mpeg	matched by Sawr cave title
হিজরি_নববর্ষ_ও_হিজরতের_চেতনা_Studio.mp3	hijri-new-year-spirit-migration	audio/mpeg	matched
