id,category,rationale,proposed_expansion_en,proposed_expansion_bn
7ff963fe-1dd0-4b89-b1e7-aae7167b696b,C,Explanation notes the comparative name-count has not been independently confirmed; needs external verification.,,
1e8646d1-2c68-404c-b7ae-04daf388ea19,C,Explanation notes nine cannot be treated as a verified current count; needs external verification of the current minaret count.,,
fa6b14bc-0d7b-472c-a348-428c59be28d9,C,Explanation notes Rajab is popularly given but not established with an authentic source; needs external source verification.,,
8b2920fd-1348-482c-9d0f-7ec8a4d68175,D,"Correct minimal answer that fully addresses the question; the row's own fields contain no additional safe material, and any substantive expansion would require external facts or be filler. Recommend no change.",,
b2fce6a5-a59d-41fb-b1de-50a5d6163e94,A,Explanation directly answers the question with the key fact and source context; educational and adequate as-is. No change needed.,,
16657e2b-c596-4d77-9912-204db7bb6626,A,Explanation directly answers the question with the key fact and source context; educational and adequate as-is. No change needed.,,
c24587c7-eaa2-40cd-9f13-f6f79e4890c8,A,Explanation directly answers the question with the key fact and source context; educational and adequate as-is. No change needed.,,
f58669f7-8d97-4436-a51c-60d591cbc343,A,Explanation directly answers the question with the key fact and source context; educational and adequate as-is. No change needed.,,
8c27b6e0-3791-4a1e-85e5-0f67eb58dfdc,A,Explanation directly answers the question with the key fact and source context; educational and adequate as-is. No change needed.,,
b777dff5-e1a1-420c-a60e-39e6e94c3cfa,A,Explanation directly answers the question with the key fact and source context; educational and adequate as-is. No change needed.,,
cb669489-b332-4da8-9558-a000f215471d,D,"Correct minimal answer that fully addresses the question; the row's own fields contain no additional safe material, and any substantive expansion would require external facts or be filler. Recommend no change.",,
6130ba7d-b4ee-4ce9-a3ba-d94e796e4059,A,Explanation directly answers the question with the key fact and source context; educational and adequate as-is. No change needed.,,
c9b2b485-752a-4251-a996-256114315cd6,A,Explanation directly answers the question with the key fact and source context; educational and adequate as-is. No change needed.,,
846eb438-97c9-435c-90c2-753c50f9a5d2,A,Explanation directly answers the question with the key fact and source context; educational and adequate as-is. No change needed.,,
4e5493a4-2d3e-4b00-b5dd-68238917b9cd,A,Explanation directly answers the question with the key fact and source context; educational and adequate as-is. No change needed.,,
129da4cc-1d81-4df6-b650-032a37aee055,A,Explanation directly answers the question with the key fact and source context; educational and adequate as-is. No change needed.,,
9322e182-0aaa-4fee-8907-753bcc5a1970,C,Explanation honestly flags that the stored answer key (20) contradicts the conventional list (25); the answer itself needs external resolution before any improvement.,,
7f596085-398f-4565-a6d8-42c37635fe1d,D,"Correct minimal answer that fully addresses the question; the row's own fields contain no additional safe material, and any substantive expansion would require external facts or be filler. Recommend no change.",,
356fe03f-d566-43b0-9b9a-af9c796e92c1,D,"Correct minimal answer that fully addresses the question; the row's own fields contain no additional safe material, and any substantive expansion would require external facts or be filler. Recommend no change.",,
734a37ed-dd43-4d5e-ae95-4bb17eb4363b,A,Explanation directly answers the question with the key fact and source context; educational and adequate as-is. No change needed.,,
1773428e-bb1c-42cc-8ed5-0d365211e95f,A,Explanation directly answers the question with the key fact and source context; educational and adequate as-is. No change needed.,,
46e0bd29-12f6-4531-9cd3-46c6bf932d17,A,Explanation directly answers the question with the key fact and source context; educational and adequate as-is. No change needed.,,
77e149be-522d-427e-9b44-3c4a6af400d1,D,"Correct minimal answer that fully addresses the question; the row's own fields contain no additional safe material, and any substantive expansion would require external facts or be filler. Recommend no change.",,
6cb9d92d-2da2-47ba-9539-edae66f632aa,A,Explanation directly answers the question with the key fact and source context; educational and adequate as-is. No change needed.,,
eaa41b72-26a9-4911-82fc-b8e00d9be564,A,Explanation directly answers the question with the key fact and source context; educational and adequate as-is. No change needed.,,
866daec0-fa1b-4991-8389-83c714130e1f,D,"Correct minimal answer that fully addresses the question; the row's own fields contain no additional safe material, and any substantive expansion would require external facts or be filler. Recommend no change.",,
c59f77cb-3e08-4477-8304-f8a7134338f4,A,"Explanation is careful and complete (handles the nuance explicitly); the disputed/needs-review status concerns question framing, not the explanation. No explanation change needed.",,
b82060a8-2468-4dd3-9082-8988923c6273,A,Explanation directly answers the question with the key fact and source context; educational and adequate as-is. No change needed.,,
2d8b8a13-41aa-41da-a698-d6d73ec7a3d5,C,Explanation flags the 2698 vs 2699 occurrence discrepancy; resolving it needs a defined text and counting convention (external verification).,,
82490f39-e065-4043-9e49-fd45a8400b06,A,Explanation directly answers the question with the key fact and source context; educational and adequate as-is. No change needed.,,
05cc281b-d072-47a8-a842-35c7c0ee975e,A,Explanation directly answers the question with the key fact and source context; educational and adequate as-is. No change needed.,,
042a162f-925b-4b1d-ba12-d0010a17edc1,A,Explanation directly answers the question with the key fact and source context; educational and adequate as-is. No change needed.,,
16506957-f8bb-4122-836d-329345384d3c,D,"Correct minimal answer that fully addresses the question; the row's own fields contain no additional safe material, and any substantive expansion would require external facts or be filler. Recommend no change.",,
d23d64ed-d558-4954-8469-531110a2e3a8,A,Explanation directly answers the question with the key fact and source context; educational and adequate as-is. No change needed.,,
404b63d2-3288-4afd-8614-9f5c126a9fc9,D,"Correct minimal answer that fully addresses the question; the row's own fields contain no additional safe material, and any substantive expansion would require external facts or be filler. Recommend no change.",,
d0b9bb44-e558-479a-a2f3-9dced31fa7ca,A,Explanation directly answers the question with the key fact and source context; educational and adequate as-is. No change needed.,,
05a21517-1f16-4cab-9738-f566c6e41625,D,"Correct minimal answer that fully addresses the question; the row's own fields contain no additional safe material, and any substantive expansion would require external facts or be filler. Recommend no change.",,
e0a1a1c0-2174-43ff-913c-62dcc6735637,A,Explanation directly answers the question with the key fact and source context; educational and adequate as-is. No change needed.,,
5a785c6b-9fbf-43ef-9a23-69145a120dac,D,"Correct minimal answer that fully addresses the question; the row's own fields contain no additional safe material, and any substantive expansion would require external facts or be filler. Recommend no change.",,
e06d0f16-301d-4721-83dc-3ced7471447c,D,"Correct minimal answer that fully addresses the question; the row's own fields contain no additional safe material, and any substantive expansion would require external facts or be filler. Recommend no change.",,
aca37961-3636-4951-a971-e223c7f0c655,A,Explanation directly answers the question with the key fact and source context; educational and adequate as-is. No change needed.,,
299c664b-ba2a-4d88-a31e-5839b93a0a0b,D,"Correct minimal answer that fully addresses the question; the row's own fields contain no additional safe material, and any substantive expansion would require external facts or be filler. Recommend no change.",,
660cfccf-852d-4201-b2be-72ad407d99ff,A,Explanation directly answers the question with the key fact and source context; educational and adequate as-is. No change needed.,,
a7c5492f-a01f-4b8f-8fd2-15b2995836fa,D,"Correct minimal answer that fully addresses the question; the row's own fields contain no additional safe material, and any substantive expansion would require external facts or be filler. Recommend no change.",,
7ad2bb48-5447-4e46-a26e-027a8b51349f,A,Explanation directly answers the question with the key fact and source context; educational and adequate as-is. No change needed.,,
3e3b31e4-b206-458c-87a9-f45de0b23251,A,Explanation directly answers the question with the key fact and source context; educational and adequate as-is. No change needed.,,
3c721283-a3ab-4c39-90db-f1fdc0dbab55,A,Explanation is substantively educational with appropriate scholarly caveats; adequate as-is. No change needed.,,
e2bbb2c7-9993-4bdf-ab24-8530c8b90415,A,Explanation directly answers the question with the key fact and source context; educational and adequate as-is. No change needed.,,
4a1fb4fe-8ffb-4051-80dd-c7876def2847,A,Explanation directly answers the question with the key fact and source context; educational and adequate as-is. No change needed.,,
70216418-2f86-47ab-8339-ff1871042c33,A,"Explanation is careful and complete (handles the nuance explicitly); the disputed/needs-review status concerns question framing, not the explanation. No explanation change needed.",,
30d24f16-b843-44c3-a0e9-e7770b522c1d,A,Explanation directly answers the question with the key fact and source context; educational and adequate as-is. No change needed.,,
e3bdb59e-3508-4089-b998-83ead0ecbe9a,A,Explanation directly answers the question with the key fact and source context; educational and adequate as-is. No change needed.,,
d54ef3fd-05a1-4d2d-a538-dda0f3146001,A,Explanation directly answers the question with the key fact and source context; educational and adequate as-is. No change needed.,,
5e8ef46c-c232-4f12-aa30-4bdabd69c2ce,A,Explanation directly answers the question with the key fact and source context; educational and adequate as-is. No change needed.,,
6db11455-8237-4952-b330-faf6a7a8fc2e,A,Explanation directly answers the question with the key fact and source context; educational and adequate as-is. No change needed.,,
fb5d781f-f3b0-4280-aec4-fa2df55d62ae,A,"Explanation is careful and complete (handles the nuance explicitly); the disputed/needs-review status concerns question framing, not the explanation. No explanation change needed.",,
19f8974a-7992-4201-bdca-9ad670c0cf1c,A,"Explanation is careful and complete (handles the nuance explicitly); the disputed/needs-review status concerns question framing, not the explanation. No explanation change needed.",,
165b17f0-3796-40c8-91f5-f23bf9dadda0,A,Explanation directly answers the question with the key fact and source context; educational and adequate as-is. No change needed.,,
cfa59d1a-d55c-4b86-ab78-33ca864706fd,A,Explanation directly answers the question with the key fact and source context; educational and adequate as-is. No change needed.,,
00aa6849-2fea-48ec-ae78-a74f43a35510,D,"Correct minimal answer that fully addresses the question; the row's own fields contain no additional safe material, and any substantive expansion would require external facts or be filler. Recommend no change.",,
57249de2-c7e6-4ed5-aef7-066dfbf63acf,A,Explanation directly answers the question with the key fact and source context; educational and adequate as-is. No change needed.,,
cc96e45e-6abc-4bf8-8ee0-638deb0e6147,A,Explanation directly answers the question with the key fact and source context; educational and adequate as-is. No change needed.,,
e0df7cdf-8bfa-484a-b050-3d63d75ae57e,D,"Correct minimal answer that fully addresses the question; the row's own fields contain no additional safe material, and any substantive expansion would require external facts or be filler. Recommend no change.",,
3c4ae60a-24a1-4874-aa65-c9fd209deb8a,A,Explanation directly answers the question with the key fact and source context; educational and adequate as-is. No change needed.,,
fdc6963f-3100-4935-94bd-d94e49ec3628,A,Explanation directly answers the question with the key fact and source context; educational and adequate as-is. No change needed.,,
713c1853-27b9-49a5-8b2b-0e28b4a7f84c,A,Explanation directly answers the question with the key fact and source context; educational and adequate as-is. No change needed.,,
ba5eafba-fa82-43ba-8f26-3619a14556fa,D,"Correct minimal answer that fully addresses the question; the row's own fields contain no additional safe material, and any substantive expansion would require external facts or be filler. Recommend no change.",,
a8a1f099-d316-4bb9-b748-73bf6d30b2f9,A,Explanation directly answers the question with the key fact and source context; educational and adequate as-is. No change needed.,,
63242e91-9be4-4fff-b6fa-c43a7ea262ae,A,Explanation directly answers the question with the key fact and source context; educational and adequate as-is. No change needed.,,
56e013d2-c816-4079-b33f-837dc5dcfbc6,A,Explanation directly answers the question with the key fact and source context; educational and adequate as-is. No change needed.,,
2727075a-b0f6-4fa2-8c71-0632344c3df4,A,Explanation directly answers the question with the key fact and source context; educational and adequate as-is. No change needed.,,
a11d7538-01f5-40ff-bdac-28948aff89cf,A,Explanation directly answers the question with the key fact and source context; educational and adequate as-is. No change needed.,,
a53ad546-563e-4ff0-896b-91eccc781185,A,Explanation directly answers the question with the key fact and source context; educational and adequate as-is. No change needed.,,
aa8fb18c-b38b-4910-83d5-5480d0b8ba69,D,"Correct minimal answer that fully addresses the question; the row's own fields contain no additional safe material, and any substantive expansion would require external facts or be filler. Recommend no change.",,
e162feff-71e9-4e18-b751-e75a4d984141,A,Explanation directly answers the question with the key fact and source context; educational and adequate as-is. No change needed.,,
f20bd047-f8a3-44d8-b23c-ade91375ec23,A,Explanation directly answers the question with the key fact and source context; educational and adequate as-is. No change needed.,,
885164bb-7993-4471-af30-341c7d6fcae4,A,Explanation directly answers the question with the key fact and source context; educational and adequate as-is. No change needed.,,
89b1c0a8-0311-4f3c-9918-4ec6ad08e395,A,Explanation directly answers the question with the key fact and source context; educational and adequate as-is. No change needed.,,
3334d4ff-d308-4bd9-acfd-de064b9141dd,A,Explanation directly answers the question with the key fact and source context; educational and adequate as-is. No change needed.,,
1a52f940-44a3-4693-8a3e-46f255f6ac49,A,Explanation directly answers the question with the key fact and source context; educational and adequate as-is. No change needed.,,
878f699d-0124-43cd-9bbf-a6917183b59d,C,Explanation flags the 2698 vs 2699 occurrence discrepancy; resolving it needs a defined text and counting convention (external verification).,,
1fb71d14-dc23-4e3e-a1f3-0d65b0a7353b,A,"Explanation is careful and complete (handles the nuance explicitly); the disputed/needs-review status concerns question framing, not the explanation. No explanation change needed.",,
c5eb9615-b201-48b1-8474-92401aa2fcc1,A,Explanation directly answers the question with the key fact and source context; educational and adequate as-is. No change needed.,,
d7f11860-95dd-426f-b84a-25e25de27d87,A,Explanation directly answers the question with the key fact and source context; educational and adequate as-is. No change needed.,,
09efa818-ed4d-4e91-a977-60005fb6850a,A,Explanation directly answers the question with the key fact and source context; educational and adequate as-is. No change needed.,,
2e8d8b48-0954-4b85-8981-f5b8fe1d2b5d,A,"Explanation is careful and complete (handles the nuance explicitly); the disputed/needs-review status concerns question framing, not the explanation. No explanation change needed.",,
9e706e3c-cfa1-4f22-ac89-1e18ac55e567,A,"Explanation is careful and complete (handles the nuance explicitly); the disputed/needs-review status concerns question framing, not the explanation. No explanation change needed.",,
62df78df-bb0a-4dd9-82f8-3826a0958cd0,A,"Explanation is careful and complete (handles the nuance explicitly); the disputed/needs-review status concerns question framing, not the explanation. No explanation change needed.",,
6a8e8eed-7f41-428f-b709-ec79eea9fb9e,A,Explanation directly answers the question with the key fact and source context; educational and adequate as-is. No change needed.,,
f70d50f2-aa7f-4692-ae8f-588191b95b1f,A,Explanation directly answers the question with the key fact and source context; educational and adequate as-is. No change needed.,,
84c8811f-622c-454c-ae64-ac570765fa93,A,Explanation directly answers the question with the key fact and source context; educational and adequate as-is. No change needed.,,
ac71e8e5-e8c0-4146-be88-3ad0ec5b49b0,A,"Explanation is careful and complete (handles the nuance explicitly); the disputed/needs-review status concerns question framing, not the explanation. No explanation change needed.",,
3920a6b9-b675-4d90-a6c0-72c3111e5259,A,Explanation directly answers the question with the key fact and source context; educational and adequate as-is. No change needed.,,
828b3c29-530f-409f-8871-649a488070a7,A,Explanation directly answers the question with the key fact and source context; educational and adequate as-is. No change needed.,,
479f4f1e-e78d-43a9-9b61-e48f92594578,A,Explanation directly answers the question with the key fact and source context; educational and adequate as-is. No change needed.,,
21268d41-57af-450b-839b-4ab773ced7ec,C,Explanation states the 40-day flood duration is not established by reliable evidence; the underlying claim needs external verification.,,
a66899e7-e839-44f0-aa40-b93db238c067,A,"Explanation is careful and complete (handles the nuance explicitly); the disputed/needs-review status concerns question framing, not the explanation. No explanation change needed.",,
22581591-abc5-469f-99fb-4309b830a54e,C,Explanation notes the report explicitly joining Israfil's name to the trumpet duty has not been directly checked; needs external verification.,,
30fecbf8-5fa7-49bf-9938-816a45cde439,C,Explanation notes the specific primary report on Mikail remains unverified; needs external verification.,,
78fa4f89-8b0f-47fe-8d80-29571dadab01,D,"Correct minimal answer that fully addresses the question; the row's own fields contain no additional safe material, and any substantive expansion would require external facts or be filler. Recommend no change.",,
61f6749b-22fd-4fa5-bae8-4883e34eab03,A,"Explanation is careful and complete (handles the nuance explicitly); the disputed/needs-review status concerns question framing, not the explanation. No explanation change needed.",,
223093bf-a03e-4fdd-90a0-c37058f5bfa9,A,"Explanation is careful and complete (handles the nuance explicitly); the disputed/needs-review status concerns question framing, not the explanation. No explanation change needed.",,
5443f2dd-1fab-4f7b-80b1-ca238e7732e4,D,"Correct minimal answer that fully addresses the question; the row's own fields contain no additional safe material, and any substantive expansion would require external facts or be filler. Recommend no change.",,
14049e83-d5d3-47ef-bef1-e29fff0d7060,A,"Explanation is careful and complete (handles the nuance explicitly); the disputed/needs-review status concerns question framing, not the explanation. No explanation change needed.",,
a0d1d3be-c6f3-4d08-842b-eaac880be603,A,"Explanation is careful and complete (handles the nuance explicitly); the disputed/needs-review status concerns question framing, not the explanation. No explanation change needed.",,
4193ec28-a790-4bb3-9801-ee1f722ae7c6,A,Explanation directly answers the question with the key fact and source context; educational and adequate as-is. No change needed.,,
0643090d-0c41-44bd-a84e-b4cfb43ed4da,A,Explanation directly answers the question with the key fact and source context; educational and adequate as-is. No change needed.,,
cad9e895-cbac-4212-9c54-4bb4b98cc93d,A,Explanation directly answers the question with the key fact and source context; educational and adequate as-is. No change needed.,,
e70297fa-7b61-4bd6-92f0-492b995d5649,A,Explanation directly answers the question with the key fact and source context; educational and adequate as-is. No change needed.,,
e48c1867-6afc-41ca-b85b-78b471821c8c,A,Explanation directly answers the question with the key fact and source context; educational and adequate as-is. No change needed.,,
557ba4c5-8779-4024-94da-1a28ddfbb9d7,A,"Explanation is careful and complete (handles the nuance explicitly); the disputed/needs-review status concerns question framing, not the explanation. No explanation change needed.",,
2c472665-9536-4d22-9ec7-b3428db548fa,A,Explanation directly answers the question with the key fact and source context; educational and adequate as-is. No change needed.,,
13f18563-14b0-405b-a273-8337cbfe66af,A,"Explanation is careful and complete (handles the nuance explicitly); the disputed/needs-review status concerns question framing, not the explanation. No explanation change needed.",,
f4f1cb3c-cb26-4760-9d96-534884bec559,C,"Explanation notes the question must specify the school or counting convention (14 vs 15); editorial fix required, not explanation expansion.",,
acc3a306-5e79-41c4-b817-ecb452d667a8,C,Explanation notes confirming 540 requires specifying the edition and sectioning scheme; editorial fix required.,,
0c8c45cd-6447-4d2b-acbc-878e3715c697,A,Explanation directly answers the question with the key fact and source context; educational and adequate as-is. No change needed.,,
b9b8a99d-6354-4ad0-84e7-d9eec64d978c,A,Explanation directly answers the question with the key fact and source context; educational and adequate as-is. No change needed.,,
22f4fc07-fab2-4308-a2df-149e8f9413d8,A,Explanation directly answers the question with the key fact and source context; educational and adequate as-is. No change needed.,,
b6ea5fbd-bdee-483d-ac77-a7f87c8d7fea,A,Explanation directly answers the question with the key fact and source context; educational and adequate as-is. No change needed.,,
4481730d-d06a-40b1-ab8f-992ab44f6b3b,A,Explanation directly answers the question with the key fact and source context; educational and adequate as-is. No change needed.,,
061987d3-541a-4701-bcd9-3aec90f1fa9f,A,Explanation directly answers the question with the key fact and source context; educational and adequate as-is. No change needed.,,
2035ad7b-19c0-4930-878e-a6e844c1880d,A,Explanation directly answers the question with the key fact and source context; educational and adequate as-is. No change needed.,,
49832630-fbe2-4e0a-975e-8d83d3a1a653,D,"Correct minimal answer that fully addresses the question; the row's own fields contain no additional safe material, and any substantive expansion would require external facts or be filler. Recommend no change.",,
f3b63b75-8d4f-43cc-af5f-2d415b0f8b3d,D,"Correct minimal answer that fully addresses the question; the row's own fields contain no additional safe material, and any substantive expansion would require external facts or be filler. Recommend no change.",,
582c4d78-9700-4e98-a868-e0296ce36f1d,D,"Correct minimal answer that fully addresses the question; the row's own fields contain no additional safe material, and any substantive expansion would require external facts or be filler. Recommend no change.",,
16692718-28df-4d1e-8384-f441a05cd70d,A,Explanation directly answers the question with the key fact and source context; educational and adequate as-is. No change needed.,,
3b93f248-6337-4965-a206-10033129c773,A,Explanation directly answers the question with the key fact and source context; educational and adequate as-is. No change needed.,,
818877a1-df0a-4ff5-bc06-52ea0ebe074c,A,Explanation is substantively educational with appropriate scholarly caveats; adequate as-is. No change needed.,,
608b5612-b389-43eb-8caa-83ef9217c433,A,Explanation directly answers the question with the key fact and source context; educational and adequate as-is. No change needed.,,
a4aad3db-c420-486f-9eaa-0d9827d1c54b,D,"Correct minimal answer that fully addresses the question; the row's own fields contain no additional safe material, and any substantive expansion would require external facts or be filler. Recommend no change.",,
ca0ebcfc-65a4-4263-b3c2-3164d6cdd23e,A,Explanation directly answers the question with the key fact and source context; educational and adequate as-is. No change needed.,,
8b92f185-07cb-4a7c-9d8d-0178de7f4237,D,"Correct minimal answer that fully addresses the question; the row's own fields contain no additional safe material, and any substantive expansion would require external facts or be filler. Recommend no change.",,
1b2bfc00-a70f-42fa-ba73-19ba7337eea7,A,Explanation directly answers the question with the key fact and source context; educational and adequate as-is. No change needed.,,
b1c509fa-3c3b-4c19-b748-1677d1f57521,A,Explanation directly answers the question with the key fact and source context; educational and adequate as-is. No change needed.,,
a1d2cead-50b7-4d02-aa6a-0ef8bff4c1e4,A,Explanation directly answers the question with the key fact and source context; educational and adequate as-is. No change needed.,,
e2f5a047-73bb-44ec-9106-9d0c6dfb1769,D,"Correct minimal answer that fully addresses the question; the row's own fields contain no additional safe material, and any substantive expansion would require external facts or be filler. Recommend no change.",,
b7e30cca-8cd7-483b-9ee8-3e8b429acc84,D,"Correct minimal answer that fully addresses the question; the row's own fields contain no additional safe material, and any substantive expansion would require external facts or be filler. Recommend no change.",,
d3d8328d-489c-49d6-8b37-d9dad27a0fbe,D,"Correct minimal answer that fully addresses the question; the row's own fields contain no additional safe material, and any substantive expansion would require external facts or be filler. Recommend no change.",,
13daad28-54c6-485c-9a5a-7ae97c41f83f,A,Explanation directly answers the question with the key fact and source context; educational and adequate as-is. No change needed.,,
252bc1af-bff1-4f97-a3c8-4fec542857c9,A,Explanation directly answers the question with the key fact and source context; educational and adequate as-is. No change needed.,,
1b8a15b3-57f9-49f1-84f8-86bea89f2521,A,Explanation directly answers the question with the key fact and source context; educational and adequate as-is. No change needed.,,
4fb00dbc-dc0d-46c2-b3bf-b2098c80556e,A,Explanation directly answers the question with the key fact and source context; educational and adequate as-is. No change needed.,,
29b1e7a1-7dd4-480b-8fc9-10a81d0f0079,D,"Correct minimal answer that fully addresses the question; the row's own fields contain no additional safe material, and any substantive expansion would require external facts or be filler. Recommend no change.",,
cf962268-85e3-409d-a2ba-51f2dc616103,A,Explanation directly answers the question with the key fact and source context; educational and adequate as-is. No change needed.,,
88dc3c7a-d9c2-4621-a0cf-7adac21fff7c,D,"Correct minimal answer that fully addresses the question; the row's own fields contain no additional safe material, and any substantive expansion would require external facts or be filler. Recommend no change.",,
218548e4-e6a9-406a-ba96-0cbd31870d02,A,Explanation directly answers the question with the key fact and source context; educational and adequate as-is. No change needed.,,
1ee99660-fe49-4e95-b38d-5f9e53814bcf,A,Explanation is substantively educational with appropriate scholarly caveats; adequate as-is. No change needed.,,
144ec9a5-e85e-493d-98d4-5d35d039ff98,D,"Correct minimal answer that fully addresses the question; the row's own fields contain no additional safe material, and any substantive expansion would require external facts or be filler. Recommend no change.",,
8dc0f51b-9a92-4bb1-88a3-fc8350f8cdd9,A,Explanation directly answers the question with the key fact and source context; educational and adequate as-is. No change needed.,,
30ab8c13-7dd8-47c3-9cca-ef9c9a969beb,A,Explanation directly answers the question with the key fact and source context; educational and adequate as-is. No change needed.,,
73dbf0fa-cf1a-4a2a-99c3-d53ce8cda6d7,A,Explanation directly answers the question with the key fact and source context; educational and adequate as-is. No change needed.,,
3657f076-2898-4d07-9492-cd88f73e9b85,A,Explanation directly answers the question with the key fact and source context; educational and adequate as-is. No change needed.,,
82867054-954a-480d-bd12-dc53837cc577,A,Explanation directly answers the question with the key fact and source context; educational and adequate as-is. No change needed.,,
91a9ab42-70fc-4e72-926f-ea0b220fcfa6,A,Explanation directly answers the question with the key fact and source context; educational and adequate as-is. No change needed.,,
5d092bf2-baac-4339-9af1-37121d93c862,A,Explanation directly answers the question with the key fact and source context; educational and adequate as-is. No change needed.,,
c6256969-5d3e-4e8c-b5f4-ba0500d1981b,A,Explanation directly answers the question with the key fact and source context; educational and adequate as-is. No change needed.,,
8500303c-37d4-4aab-b110-2b9e14241398,D,"Correct minimal answer that fully addresses the question; the row's own fields contain no additional safe material, and any substantive expansion would require external facts or be filler. Recommend no change.",,
23a46bbe-80c0-4f93-a38c-670d43b04a2f,A,Explanation directly answers the question with the key fact and source context; educational and adequate as-is. No change needed.,,
24778842-b749-4edd-b1f7-4291e66cb4f2,A,Explanation directly answers the question with the key fact and source context; educational and adequate as-is. No change needed.,,
700db916-2574-4ede-bf72-c5b5339f61ff,A,Explanation directly answers the question with the key fact and source context; educational and adequate as-is. No change needed.,,
44f3ddfa-a077-45e0-bc58-6bc3b0dc95cc,A,Explanation directly answers the question with the key fact and source context; educational and adequate as-is. No change needed.,,
1183a93e-7772-4274-b61c-39fce0bd0d32,A,Explanation directly answers the question with the key fact and source context; educational and adequate as-is. No change needed.,,
ce7293a2-777d-46ec-ae74-28657c4eb71f,D,"Correct minimal answer that fully addresses the question; the row's own fields contain no additional safe material, and any substantive expansion would require external facts or be filler. Recommend no change.",,
9db69b8d-17ef-4539-a96c-088d611791d8,A,Explanation directly answers the question with the key fact and source context; educational and adequate as-is. No change needed.,,
a7c58230-6b93-405b-9eff-21b96c2cbe64,A,Explanation is substantively educational with appropriate scholarly caveats; adequate as-is. No change needed.,,
fa9b73ae-4c33-48ec-98c2-95dd9a777ee4,A,Explanation directly answers the question with the key fact and source context; educational and adequate as-is. No change needed.,,
39f57eb6-21df-4e31-858e-2fa9f650106a,D,"Correct minimal answer that fully addresses the question; the row's own fields contain no additional safe material, and any substantive expansion would require external facts or be filler. Recommend no change.",,
6b730819-30d8-4172-b096-c81c108fbe8a,A,Explanation directly answers the question with the key fact and source context; educational and adequate as-is. No change needed.,,
41b24cad-ff7d-4d44-821b-a217163b383f,A,Explanation directly answers the question with the key fact and source context; educational and adequate as-is. No change needed.,,
0e16d1db-6917-4816-8fed-96952bbc0b77,A,Explanation directly answers the question with the key fact and source context; educational and adequate as-is. No change needed.,,
920727b4-a1ec-474b-865b-3798d151c8e9,A,Explanation directly answers the question with the key fact and source context; educational and adequate as-is. No change needed.,,
54695286-1636-46f1-a56f-2dc1b7b9dbb0,D,"Correct minimal answer that fully addresses the question; the row's own fields contain no additional safe material, and any substantive expansion would require external facts or be filler. Recommend no change.",,
7973c5d2-81a4-4257-a702-22ae6f21bb2f,D,"Correct minimal answer that fully addresses the question; the row's own fields contain no additional safe material, and any substantive expansion would require external facts or be filler. Recommend no change.",,
5eaa332e-4c70-4257-9f9b-4e653147ae0c,A,Explanation directly answers the question with the key fact and source context; educational and adequate as-is. No change needed.,,
a06fe514-1f38-40b9-8cd5-3fceca5dc496,A,Explanation directly answers the question with the key fact and source context; educational and adequate as-is. No change needed.,,
570497ef-bbfd-44f0-9ecf-5cc9179b422b,A,Explanation directly answers the question with the key fact and source context; educational and adequate as-is. No change needed.,,
82127681-6f5f-48b9-a81c-0eb8e3770af3,D,"Correct minimal answer that fully addresses the question; the row's own fields contain no additional safe material, and any substantive expansion would require external facts or be filler. Recommend no change.",,
0bf82e82-dcc8-492a-a748-9830899efcd8,A,Explanation directly answers the question with the key fact and source context; educational and adequate as-is. No change needed.,,
c727a015-fde0-40e5-874e-92697d5520c7,A,Explanation directly answers the question with the key fact and source context; educational and adequate as-is. No change needed.,,
a6235fbe-e188-4688-9e34-718958f21afb,A,Explanation directly answers the question with the key fact and source context; educational and adequate as-is. No change needed.,,
9b642c75-3abe-4bdd-8f74-54b9a7509e94,A,Explanation directly answers the question with the key fact and source context; educational and adequate as-is. No change needed.,,
8ca89aa2-53b9-4ef7-88fd-d3263e530d22,A,Explanation directly answers the question with the key fact and source context; educational and adequate as-is. No change needed.,,
1e7bc1fd-f593-4aab-bafd-15585465e343,A,Explanation directly answers the question with the key fact and source context; educational and adequate as-is. No change needed.,,
b6dde8f3-11a0-4fe9-8bfd-3ccf2a68f225,D,"Correct minimal answer that fully addresses the question; the row's own fields contain no additional safe material, and any substantive expansion would require external facts or be filler. Recommend no change.",,
9de62acd-d21b-48ef-b0e2-2f93a22bebf0,A,Explanation directly answers the question with the key fact and source context; educational and adequate as-is. No change needed.,,
84fe3e1a-7a34-4903-9ea8-ca02468b91c0,A,Explanation is substantively educational with appropriate scholarly caveats; adequate as-is. No change needed.,,
9800cc64-071d-47ef-b49f-53d9f26ce97d,D,"Correct minimal answer that fully addresses the question; the row's own fields contain no additional safe material, and any substantive expansion would require external facts or be filler. Recommend no change.",,
38b25e6c-8bc8-4933-a30d-ae66f3d98ef9,A,Explanation directly answers the question with the key fact and source context; educational and adequate as-is. No change needed.,,
a4dbcd7c-eaa7-4534-bc24-4df1a199bad8,D,"Correct minimal answer that fully addresses the question; the row's own fields contain no additional safe material, and any substantive expansion would require external facts or be filler. Recommend no change.",,
03e2d1ac-2d34-4339-8b01-94737eb0e155,A,Explanation is substantively educational with appropriate scholarly caveats; adequate as-is. No change needed.,,
f9df8939-5b7f-44f3-b0d9-ccae78818905,A,Explanation directly answers the question with the key fact and source context; educational and adequate as-is. No change needed.,,
8218e734-08df-4491-802c-350c592491bf,A,Explanation directly answers the question with the key fact and source context; educational and adequate as-is. No change needed.,,
3c67af7a-0389-4c99-a473-38650118a834,A,Explanation directly answers the question with the key fact and source context; educational and adequate as-is. No change needed.,,
9b8c8598-6943-4764-bfbe-7704ef260f80,A,Explanation directly answers the question with the key fact and source context; educational and adequate as-is. No change needed.,,
83da8972-471f-4c19-a69a-fab74bf2e2ab,A,Explanation directly answers the question with the key fact and source context; educational and adequate as-is. No change needed.,,
e57412e1-ffab-4d54-9fa1-e2fb46e7ffd0,A,Explanation directly answers the question with the key fact and source context; educational and adequate as-is. No change needed.,,
2ae4971d-77a1-4d61-829d-f99f46dc48f5,A,Explanation directly answers the question with the key fact and source context; educational and adequate as-is. No change needed.,,
dbaf94d7-c956-476d-b04c-740b12bf98db,D,"Correct minimal answer that fully addresses the question; the row's own fields contain no additional safe material, and any substantive expansion would require external facts or be filler. Recommend no change.",,
79b5109a-17c7-4de2-a538-dee67e631215,D,"Correct minimal answer that fully addresses the question; the row's own fields contain no additional safe material, and any substantive expansion would require external facts or be filler. Recommend no change.",,
f4f3d5dd-ff68-465c-968a-41b81d9ebf88,A,Explanation directly answers the question with the key fact and source context; educational and adequate as-is. No change needed.,,
59698044-0e9b-4472-8247-1077206077ab,A,Explanation directly answers the question with the key fact and source context; educational and adequate as-is. No change needed.,,
a864a7ec-28b9-40c2-a03a-79aeeb2bf7f6,D,"Correct minimal answer that fully addresses the question; the row's own fields contain no additional safe material, and any substantive expansion would require external facts or be filler. Recommend no change.",,
c352d6df-a9c5-4b88-846f-6abb99cf5c87,D,"Correct minimal answer that fully addresses the question; the row's own fields contain no additional safe material, and any substantive expansion would require external facts or be filler. Recommend no change.",,
92a6e163-6aa7-4c45-90cf-56c9b725dc4b,A,Explanation directly answers the question with the key fact and source context; educational and adequate as-is. No change needed.,,
8d449e55-65d9-4660-aa12-2708508206cb,A,Explanation directly answers the question with the key fact and source context; educational and adequate as-is. No change needed.,,
1c038b56-4ecb-424c-88ca-aa9b0cd3d48d,D,"Correct minimal answer that fully addresses the question; the row's own fields contain no additional safe material, and any substantive expansion would require external facts or be filler. Recommend no change.",,
7e5a7acd-8356-4dba-8ebb-96553c6301ae,A,Explanation directly answers the question with the key fact and source context; educational and adequate as-is. No change needed.,,
380d7142-7bf2-4d0c-8c66-65b7d811c579,A,Explanation directly answers the question with the key fact and source context; educational and adequate as-is. No change needed.,,
f2e3e660-d980-4939-b3e2-44beed3c08e9,D,"Correct minimal answer that fully addresses the question; the row's own fields contain no additional safe material, and any substantive expansion would require external facts or be filler. Recommend no change.",,
565014de-7e6c-422b-aa77-de0e160dc06f,A,Explanation directly answers the question with the key fact and source context; educational and adequate as-is. No change needed.,,
972fe722-fe68-4c28-8e1b-abc27cfacab5,D,"Correct minimal answer that fully addresses the question; the row's own fields contain no additional safe material, and any substantive expansion would require external facts or be filler. Recommend no change.",,
a6145813-26a4-46e1-8788-940c492eff91,A,Explanation directly answers the question with the key fact and source context; educational and adequate as-is. No change needed.,,
43696b7e-8e42-430e-bdbf-93375eee6c42,A,Explanation directly answers the question with the key fact and source context; educational and adequate as-is. No change needed.,,
62a4b615-d9a6-4472-b17a-e88ea5c59741,A,Explanation directly answers the question with the key fact and source context; educational and adequate as-is. No change needed.,,
07b69880-7e43-43ee-944c-1e0930f7f2c9,D,"Correct minimal answer that fully addresses the question; the row's own fields contain no additional safe material, and any substantive expansion would require external facts or be filler. Recommend no change.",,
95fd6189-7103-4338-ae53-7729787110a6,D,"Correct minimal answer that fully addresses the question; the row's own fields contain no additional safe material, and any substantive expansion would require external facts or be filler. Recommend no change.",,
c3d1b004-a421-4d6e-a82b-1245113521df,A,Explanation directly answers the question with the key fact and source context; educational and adequate as-is. No change needed.,,
dca78f16-9622-49f1-a723-cc8fb877929e,A,Explanation directly answers the question with the key fact and source context; educational and adequate as-is. No change needed.,,
066bebcc-d49d-46e7-8d82-5a335185ed76,A,Explanation directly answers the question with the key fact and source context; educational and adequate as-is. No change needed.,,
caea0240-1575-4e64-bf42-3aba0dbe3fc3,A,Explanation directly answers the question with the key fact and source context; educational and adequate as-is. No change needed.,,
330d1142-b39d-4fc0-9796-5cb56525b123,D,"Correct minimal answer that fully addresses the question; the row's own fields contain no additional safe material, and any substantive expansion would require external facts or be filler. Recommend no change.",,
3b12a83d-f1f0-418a-9b14-e97b532c4193,A,Explanation directly answers the question with the key fact and source context; educational and adequate as-is. No change needed.,,
1c765178-0e08-4088-8697-dbffd19f8c46,D,"Correct minimal answer that fully addresses the question; the row's own fields contain no additional safe material, and any substantive expansion would require external facts or be filler. Recommend no change.",,
f3665347-e73f-4dca-9f2d-1779b6fe6419,A,Explanation directly answers the question with the key fact and source context; educational and adequate as-is. No change needed.,,
22f4d901-0e34-4b9b-9625-c03e9a5e54b2,A,Explanation directly answers the question with the key fact and source context; educational and adequate as-is. No change needed.,,
d372e034-8d8e-4d7c-b7a2-564fe9eec875,A,Explanation directly answers the question with the key fact and source context; educational and adequate as-is. No change needed.,,
a496188a-778b-403f-941d-33d327eb3494,A,Explanation directly answers the question with the key fact and source context; educational and adequate as-is. No change needed.,,
4cce4858-52dc-41de-84a1-e815c4ef4b95,A,Explanation directly answers the question with the key fact and source context; educational and adequate as-is. No change needed.,,
bfd681b1-e896-449b-9ae6-68fa6941b09b,A,Explanation directly answers the question with the key fact and source context; educational and adequate as-is. No change needed.,,
3c62d007-59d9-4bcd-91a7-bb4f79062fbf,A,Explanation directly answers the question with the key fact and source context; educational and adequate as-is. No change needed.,,
a6b0eb69-a81c-4873-a919-fc8dddf6e01f,D,"Correct minimal answer that fully addresses the question; the row's own fields contain no additional safe material, and any substantive expansion would require external facts or be filler. Recommend no change.",,
b3649f27-d234-4865-a610-06edeccf1c11,D,"Correct minimal answer that fully addresses the question; the row's own fields contain no additional safe material, and any substantive expansion would require external facts or be filler. Recommend no change.",,
cf75a279-46f9-4ba2-871b-81a666c8e467,A,Explanation directly answers the question with the key fact and source context; educational and adequate as-is. No change needed.,,
89335466-9bac-4ba1-bad4-c5a5cb927759,A,Explanation directly answers the question with the key fact and source context; educational and adequate as-is. No change needed.,,
4a93b264-92c0-4794-9612-431461610183,D,"Correct minimal answer that fully addresses the question; the row's own fields contain no additional safe material, and any substantive expansion would require external facts or be filler. Recommend no change.",,
1653909f-349a-4825-914d-15202f682786,D,"Correct minimal answer that fully addresses the question; the row's own fields contain no additional safe material, and any substantive expansion would require external facts or be filler. Recommend no change.",,
dfc3eb28-8caf-4529-88c8-95cbf8d42b9a,A,Explanation directly answers the question with the key fact and source context; educational and adequate as-is. No change needed.,,
3a581a8b-9a64-4652-9f0d-e3f427c2687c,D,"Correct minimal answer that fully addresses the question; the row's own fields contain no additional safe material, and any substantive expansion would require external facts or be filler. Recommend no change.",,
eb05ac38-9a60-4d46-b18a-c0a1a034d318,D,"Correct minimal answer that fully addresses the question; the row's own fields contain no additional safe material, and any substantive expansion would require external facts or be filler. Recommend no change.",,
8fd985b3-07cc-41e7-af59-33c30039f621,A,Explanation directly answers the question with the key fact and source context; educational and adequate as-is. No change needed.,,
4c02da19-f540-47dc-8c69-912dc97305b6,A,Explanation directly answers the question with the key fact and source context; educational and adequate as-is. No change needed.,,
36bcf405-f4c9-4806-96c5-b36599423038,A,Explanation directly answers the question with the key fact and source context; educational and adequate as-is. No change needed.,,
f3f30dad-4221-41cb-8bad-287208dcb154,A,Explanation directly answers the question with the key fact and source context; educational and adequate as-is. No change needed.,,
7fe3a356-0a26-4580-8cea-19627ba463d1,A,Explanation directly answers the question with the key fact and source context; educational and adequate as-is. No change needed.,,
6229d997-e5b1-4913-8a56-ecc8cd4a7d13,A,Explanation directly answers the question with the key fact and source context; educational and adequate as-is. No change needed.,,
f15b792a-aacf-4acb-9528-02513969e0ef,A,Explanation directly answers the question with the key fact and source context; educational and adequate as-is. No change needed.,,
aad1263b-32b7-4eeb-b046-8dce1b6908b8,A,Explanation directly answers the question with the key fact and source context; educational and adequate as-is. No change needed.,,
482f176b-8083-4d8b-9274-e736309eb130,A,Explanation directly answers the question with the key fact and source context; educational and adequate as-is. No change needed.,,
58ec3db5-0703-4796-9fb9-d9f477bc5755,D,"Correct minimal answer that fully addresses the question; the row's own fields contain no additional safe material, and any substantive expansion would require external facts or be filler. Recommend no change.",,
55fd33ed-b7f9-4cd1-8e6d-9d4d85169c04,D,"Correct minimal answer that fully addresses the question; the row's own fields contain no additional safe material, and any substantive expansion would require external facts or be filler. Recommend no change.",,
7ec03695-f46b-4667-ba47-f764f15a6c92,A,Explanation directly answers the question with the key fact and source context; educational and adequate as-is. No change needed.,,
abc4a016-e49f-493a-8750-6de0e6e5dc2c,A,Explanation directly answers the question with the key fact and source context; educational and adequate as-is. No change needed.,,
6c6ea07f-0ae4-48a0-9113-425d873fb7b2,A,Explanation directly answers the question with the key fact and source context; educational and adequate as-is. No change needed.,,
064b7dbd-9f66-427f-b22f-2902d7d1cb56,A,Explanation directly answers the question with the key fact and source context; educational and adequate as-is. No change needed.,,
77a4d649-5133-4f90-8f80-9f20aecb6d70,A,Explanation directly answers the question with the key fact and source context; educational and adequate as-is. No change needed.,,
b53bd362-b49f-4c34-992b-dd27241e6b5b,A,Explanation directly answers the question with the key fact and source context; educational and adequate as-is. No change needed.,,
d8752b1b-8370-4aa4-bcf9-c0f66b68412e,A,Explanation directly answers the question with the key fact and source context; educational and adequate as-is. No change needed.,,
deadcb44-4161-49b7-8ad2-fe176c1c11a2,A,"Explanation is careful and complete (handles the nuance explicitly); the disputed/needs-review status concerns question framing, not the explanation. No explanation change needed.",,
c90afe84-fe23-4863-936f-797b3607b8f0,A,"Explanation is careful and complete (handles the nuance explicitly); the disputed/needs-review status concerns question framing, not the explanation. No explanation change needed.",,
bb1d9711-df29-4d4f-b7ea-a2648d353a11,A,Explanation directly answers the question with the key fact and source context; educational and adequate as-is. No change needed.,,
dcfb8bfa-1abb-4268-81eb-b6c8359d3f2c,A,"Explanation is careful and complete (handles the nuance explicitly); the disputed/needs-review status concerns question framing, not the explanation. No explanation change needed.",,
4afa9774-0b09-491f-b9da-b09f8f7408a0,A,"Explanation is careful and complete (handles the nuance explicitly); the disputed/needs-review status concerns question framing, not the explanation. No explanation change needed.",,
e43ed551-4190-4160-80c3-9dd7b6743954,A,Explanation directly answers the question with the key fact and source context; educational and adequate as-is. No change needed.,,
fa441c86-47ee-4e83-ab33-a8bacf2287f8,A,"Explanation is careful and complete (handles the nuance explicitly); the disputed/needs-review status concerns question framing, not the explanation. No explanation change needed.",,
cb34ed85-45fa-4cc5-bdfc-392504346d63,A,"Explanation is careful and complete (handles the nuance explicitly); the disputed/needs-review status concerns question framing, not the explanation. No explanation change needed.",,
cc209308-1002-49ce-b511-d4eda894b240,C,Explanation notes the 'greatest jihad' claim is not established with reliable evidence; needs external verification.,,
d0c0f8d6-a160-4072-a2c6-529173f98ad0,A,Explanation directly answers the question with the key fact and source context; educational and adequate as-is. No change needed.,,
4a184a78-e6c4-4652-88ad-cde4690cd00b,A,Explanation directly answers the question with the key fact and source context; educational and adequate as-is. No change needed.,,
3b429bbe-d309-4843-b8fa-b7ed34a284a0,A,Explanation directly answers the question with the key fact and source context; educational and adequate as-is. No change needed.,,
22ea9be1-b6f6-4f1f-a24f-7c04061f82e6,A,Explanation directly answers the question with the key fact and source context; educational and adequate as-is. No change needed.,,
09d8d668-63f8-4756-a699-5f1109aeeeee,C,Explanation states an authentic prophetic specification of forty houses has not been established; needs external verification.,,
dc1f57a8-4f6e-4dd6-863d-86e87fd5ccb9,A,Explanation directly answers the question with the key fact and source context; educational and adequate as-is. No change needed.,,
fb9c39fb-45a1-4217-9f14-1e80d0b1e3c1,A,"Explanation is careful and complete (handles the nuance explicitly); the disputed/needs-review status concerns question framing, not the explanation. No explanation change needed.",,
e96f3ab9-500a-420c-9ea8-c61f93e97166,A,"Explanation is careful and complete (handles the nuance explicitly); the disputed/needs-review status concerns question framing, not the explanation. No explanation change needed.",,
c10bd670-4567-4044-9324-cd473740d847,A,"Explanation is careful and complete (handles the nuance explicitly); the disputed/needs-review status concerns question framing, not the explanation. No explanation change needed.",,
5f352f14-c7b0-435d-ac98-a92f751f87cb,A,Explanation directly answers the question with the key fact and source context; educational and adequate as-is. No change needed.,,
44d1efe5-1a19-424d-814a-a2903d95dd68,A,Explanation directly answers the question with the key fact and source context; educational and adequate as-is. No change needed.,,
34348a29-8a37-48e8-a122-2fcbba1386dc,A,Explanation directly answers the question with the key fact and source context; educational and adequate as-is. No change needed.,,
bfa631e4-f2d5-4126-9646-4db7dbc86785,A,"Explanation is careful and complete (handles the nuance explicitly); the disputed/needs-review status concerns question framing, not the explanation. No explanation change needed.",,
2a997161-685d-453d-971b-1ac3bedd611a,A,Explanation directly answers the question with the key fact and source context; educational and adequate as-is. No change needed.,,
30d473e5-4f5b-4d7c-8f51-981b6303b6c0,C,Explanation notes the specific primary report on Mikail remains unverified; needs external verification.,,
ef3425cc-400f-455b-a825-478dc23aca2a,A,Explanation directly answers the question with the key fact and source context; educational and adequate as-is. No change needed.,,
0ba7b20a-bbc3-4556-9808-5a7f6c2f9cea,A,Explanation directly answers the question with the key fact and source context; educational and adequate as-is. No change needed.,,
c286b9ad-aa18-4f51-a2d8-895b79cf243d,A,Explanation directly answers the question with the key fact and source context; educational and adequate as-is. No change needed.,,
acbe02b0-a28a-437a-99c2-3394c48511bf,A,"Explanation is careful and complete (handles the nuance explicitly); the disputed/needs-review status concerns question framing, not the explanation. No explanation change needed.",,
091718c7-c6bc-41e9-a945-135ad3b702a6,A,Explanation directly answers the question with the key fact and source context; educational and adequate as-is. No change needed.,,
61f52abd-f74a-4996-a3da-bbc5c007fa06,A,Explanation directly answers the question with the key fact and source context; educational and adequate as-is. No change needed.,,
fa5d5e3d-87ad-42e0-8cfc-1823b6e680af,A,Explanation directly answers the question with the key fact and source context; educational and adequate as-is. No change needed.,,
ba0cb9f2-201d-4d06-8997-d574caf77f56,A,Explanation directly answers the question with the key fact and source context; educational and adequate as-is. No change needed.,,
f364b4dc-be1c-4fb4-bfe4-49993386d280,A,Explanation directly answers the question with the key fact and source context; educational and adequate as-is. No change needed.,,
942d1620-dd6e-453f-9c3e-a927ddc7a3e5,C,"Explanation notes the question's premise is unsupported (no surah mentions all 99 names); the question needs editorial fixing, not explanation expansion.",,
735403d8-b453-4ff6-8e7e-406b3c7cee07,A,Explanation is substantively educational with appropriate scholarly caveats; adequate as-is. No change needed.,,
af10f12e-2e84-4140-9114-1f9d33d804fd,A,Explanation directly answers the question with the key fact and source context; educational and adequate as-is. No change needed.,,
bf41f99d-8406-400d-b42d-f6903f0de61e,C,"Explanation notes the question must specify the school or counting convention (14 vs 15); editorial fix required, not explanation expansion.",,
47cebbaf-f252-4344-bd34-4c0200408150,C,Explanation notes Rajab is popularly given but not established with an authentic source; needs external source verification.,,
23e49c9e-5cf0-4641-9dfa-edb35548c2f0,A,Explanation is substantively educational with appropriate scholarly caveats; adequate as-is. No change needed.,,
790a4853-24a9-42c1-a954-48a1f1a048a3,D,"Correct minimal answer that fully addresses the question; the row's own fields contain no additional safe material, and any substantive expansion would require external facts or be filler. Recommend no change.",,
8e26fe5b-a05c-4265-98e5-daaf59f30789,A,Explanation directly answers the question with the key fact and source context; educational and adequate as-is. No change needed.,,
91508a8f-6d13-4227-81e0-3261caca36db,A,Explanation directly answers the question with the key fact and source context; educational and adequate as-is. No change needed.,,
f2d00410-87f6-46e7-87af-97c20e955e35,A,"Explanation is careful and complete (handles the nuance explicitly); the disputed/needs-review status concerns question framing, not the explanation. No explanation change needed.",,
d68ba735-ddf6-4323-94df-1e4106ce3a2a,A,Explanation directly answers the question with the key fact and source context; educational and adequate as-is. No change needed.,,
53249bc0-2712-4f9d-9018-fe3531594d89,A,Explanation directly answers the question with the key fact and source context; educational and adequate as-is. No change needed.,,
d2c76935-f05d-4bf7-966e-e2b81d0bd7c7,A,Explanation directly answers the question with the key fact and source context; educational and adequate as-is. No change needed.,,
28026dba-7982-4d44-9d83-c6888f2e3cfa,D,"Correct minimal answer that fully addresses the question; the row's own fields contain no additional safe material, and any substantive expansion would require external facts or be filler. Recommend no change.",,
6a3144d3-a0c4-49db-9409-0635d0c3dcf3,A,Explanation directly answers the question with the key fact and source context; educational and adequate as-is. No change needed.,,
a8c91f0c-a6d7-4761-8df2-2fef012f1b32,D,"Correct minimal answer that fully addresses the question; the row's own fields contain no additional safe material, and any substantive expansion would require external facts or be filler. Recommend no change.",,
e30b5847-3b42-4cb3-8037-85a589e5cca5,A,Explanation directly answers the question with the key fact and source context; educational and adequate as-is. No change needed.,,
dab2684d-38a5-496d-835f-b9d9c8900fee,A,Explanation directly answers the question with the key fact and source context; educational and adequate as-is. No change needed.,,
7281acb7-57a0-46ce-9cab-092d2c40f303,A,Explanation directly answers the question with the key fact and source context; educational and adequate as-is. No change needed.,,
6d56bfe7-3673-4257-ba28-47b5e06980d7,A,Explanation directly answers the question with the key fact and source context; educational and adequate as-is. No change needed.,,
5a9a9c52-62d9-42bf-95fb-bab4b6c05e23,A,Explanation directly answers the question with the key fact and source context; educational and adequate as-is. No change needed.,,
92ceba14-09bc-454e-9348-87df5a1d0d76,A,Explanation directly answers the question with the key fact and source context; educational and adequate as-is. No change needed.,,
e97e91a8-a1d8-45e3-9bc4-602c296ed497,D,"Correct minimal answer that fully addresses the question; the row's own fields contain no additional safe material, and any substantive expansion would require external facts or be filler. Recommend no change.",,
