id,url,current_content,issue,evidence_currently_available,exact_decision_required,proposed_action,verification_status
00aa6849-2fea-48ec-ae78-a74f43a35510,https://noorapp.in/quiz/00aa6849-2fea-48ec-ae78-a74f43a35510,"Q: Which Prophet is called 'Kalimullah' (The one who spoke to Allah)? | Correct answer: Musa (AS) | Explanation: The Quran explicitly states that Allah spoke directly to Musa, which explains the title Kalimullah.",[Phase-3 sub-class C] Member of a forensically-verified duplicate pair already consolidated via canonical hint (PRIMARY of pair with 05a21517).,"Quran, Surah An-Nisa 4:164: https://quran.com/4/164",Confirm the canonical consolidation is acceptable; no content change needed.,leave unchanged,OK AS IS
05a21517-1f16-4cab-9738-f566c6e41625,https://noorapp.in/quiz/05a21517-1f16-4cab-9738-f566c6e41625,"Q: Which Prophet is called Kalimullah (The one who spoke to Allah)? | Correct answer: Musa (AS) | Explanation: The Quran explicitly states that Allah spoke directly to Musa, which explains the title Kalimullah.",[Phase-3 sub-class C] Member of a forensically-verified duplicate pair already consolidated via canonical hint (DUP of pair with 00aa6849).,"Quran, Surah An-Nisa 4:164: https://quran.com/4/164",Confirm the canonical consolidation is acceptable; no content change needed.,leave unchanged,OK AS IS
07b69880-7e43-43ee-944c-1e0930f7f2c9,https://noorapp.in/quiz/07b69880-7e43-43ee-944c-1e0930f7f2c9,"Q: To which people was Prophet Hud (AS) sent? | Correct answer: Aad | Explanation: Al-Araf explicitly identifies Hud as sent to Ad, not Thamud or Madyan.","[Phase-3 sub-class A] None — explanation is educationally complete, source-backed, and adds value beyond the answer (distinguishes distractors or adds context).","Quran, Surah Al-Araf 7:65: https://quran.com/7/65",No action; confirm as-is.,leave unchanged,OK AS IS
144ec9a5-e85e-493d-98d4-5d35d039ff98,https://noorapp.in/quiz/144ec9a5-e85e-493d-98d4-5d35d039ff98,Q: On which date is Ashura observed? | Correct answer: 10 Muharram | Explanation: Ashura refers to 10 Muharram; the hadith describes a specific virtue of fasting on that day.,[Phase-3 sub-class E] None — correct minimal answer; brevity is appropriate and additional content would be filler.,Sahih Muslim 1162b; Sahih (included in the named Sahih collection): https://sunnah.com/muslim:1162b,No action; confirm brevity is intentional.,leave unchanged,OK AS IS
16506957-f8bb-4122-836d-329345384d3c,https://noorapp.in/quiz/16506957-f8bb-4122-836d-329345384d3c,Q: Which night falls in the last 10 days of Ramadan? | Correct answer: Lailatul Qadr | Explanation: The Prophet instructed seeking Laylat al-Qadr in the odd nights of Ramadan’s last ten nights.,"[Phase-3 sub-class A] None — explanation is educationally complete, source-backed, and adds value beyond the answer (distinguishes distractors or adds context).",Sahih al-Bukhari 2017; Sahih (included in the named Sahih collection): https://sunnah.com/bukhari:2017,No action; confirm as-is.,leave unchanged,OK AS IS
1653909f-349a-4825-914d-15202f682786,https://noorapp.in/quiz/1653909f-349a-4825-914d-15202f682786,Q: What is the meaning of Ar-Rahman? | Correct answer: The Most Merciful | Explanation: Ar-Rahman expresses Allah’s vast mercy; “the Most Merciful” is the appropriate option.,[Phase-3 sub-class C] Member of a forensically-verified duplicate pair already consolidated via canonical hint (DUP of pair with cb669489).,"Quran, Surah Al-Hashr 59:22: https://quran.com/59/22",Confirm the canonical consolidation is acceptable; no content change needed.,leave unchanged,OK AS IS
1c038b56-4ecb-424c-88ca-aa9b0cd3d48d,https://noorapp.in/quiz/1c038b56-4ecb-424c-88ca-aa9b0cd3d48d,"Q: How many verses are in Surah Baqarah? | Correct answer: 286 | Explanation: In the standard numbering, al-Baqarah ends at verse 286 and therefore contains 286 verses.","[Phase-3 sub-class A] None — explanation is educationally complete, source-backed, and adds value beyond the answer (distinguishes distractors or adds context).","Quran, Surah Al-Baqarah 2:286: https://quran.com/2/286",No action; confirm as-is.,leave unchanged,OK AS IS
1c765178-0e08-4088-8697-dbffd19f8c46,https://noorapp.in/quiz/1c765178-0e08-4088-8697-dbffd19f8c46,"Q: What does Allah swear by in Surah Asr? | Correct answer: Time/Age | Explanation: Al-Asr opens with an oath by time, not the moon, sun, or wind.","[Phase-3 sub-class A] None — explanation is educationally complete, source-backed, and adds value beyond the answer (distinguishes distractors or adds context).","Quran, Surah Al-Asr 103:1: https://quran.com/103/1",No action; confirm as-is.,leave unchanged,OK AS IS
28026dba-7982-4d44-9d83-c6888f2e3cfa,https://noorapp.in/quiz/28026dba-7982-4d44-9d83-c6888f2e3cfa,"Q: Which is the longest Surah of the Quran? | Correct answer: Al-Baqarah | Explanation: Al-Baqarah, with 286 verses, is the Quran’s longest surah in the standard mushaf.","[Phase-3 sub-class A] None — explanation is educationally complete, source-backed, and adds value beyond the answer (distinguishes distractors or adds context).","Quran, Surah Al-Baqarah 2:286: https://quran.com/2/286; Quran.com chapter metadata, verses_count comparison: https://api.quran.com/api/v4/chapters?language=en; full chapter coverage: https://api.quran.com/api/v4/juzs",No action; confirm as-is.,leave unchanged,OK AS IS
299c664b-ba2a-4d88-a31e-5839b93a0a0b,https://noorapp.in/quiz/299c664b-ba2a-4d88-a31e-5839b93a0a0b,Q: What is said first when starting prayer? | Correct answer: Takbir (Allahu Akbar) | Explanation: Prayer begins with the opening takbir; al-Fatihah and the opening supplication follow it.,[Phase-3 sub-class C] Near-duplicate of a8c91f0c; NOT covered by the 30-pair canonical mapping (excluded group).,Sunan Abi Dawud 61; Hasan Sahih (al-Albani): https://sunnah.com/abudawud:61,"Editor must decide: extend the canonical mapping to this pair, or keep both indexed with a documented reason.",leave unchanged pending editorial decision,REQUIRES VERIFICATION
29b1e7a1-7dd4-480b-8fc9-10a81d0f0079,https://noorapp.in/quiz/29b1e7a1-7dd4-480b-8fc9-10a81d0f0079,Q: Where is the Zamzam well located? | Correct answer: In Makkah | Explanation: Jabir’s Hajj account places the drinking of Zamzam water by the Sacred House in Makkah.,"[Phase-3 sub-class A] None — explanation is educationally complete, source-backed, and adds value beyond the answer (distinguishes distractors or adds context).",Sahih Muslim 1218a; Sahih (included in the named Sahih collection): https://sunnah.com/muslim:1218a,No action; confirm as-is.,leave unchanged,OK AS IS
330d1142-b39d-4fc0-9796-5cb56525b123,https://noorapp.in/quiz/330d1142-b39d-4fc0-9796-5cb56525b123,"Q: In which Surah is Ayatul Kursi found? | Correct answer: Al-Baqarah | Explanation: Ayat al-Kursi is verse 255 of al-Baqarah and describes Allah’s life, knowledge, and authority.",[Phase-3 sub-class C] Near-duplicate of f3b63b75; NOT covered by the 30-pair canonical mapping (excluded group).,"Quran, Surah Al-Baqarah 2:255: https://quran.com/2/255","Editor must decide: extend the canonical mapping to this pair, or keep both indexed with a documented reason.",leave unchanged pending editorial decision,REQUIRES VERIFICATION
356fe03f-d566-43b0-9b9a-af9c796e92c1,https://noorapp.in/quiz/356fe03f-d566-43b0-9b9a-af9c796e92c1,"Q: What is the meaning of 'Al-Hakeem'? | Correct answer: The All-Wise | Explanation: Al-Hakim means the All-Wise, referring to wisdom rather than simply power, mercy, or forgiveness.",[Phase-3 sub-class C] Member of a forensically-verified duplicate pair already consolidated via canonical hint (PRIMARY of pair with a7c5492f).,"Quran, Surah Al-Hashr 59:24: https://quran.com/59/24",Confirm the canonical consolidation is acceptable; no content change needed.,leave unchanged,OK AS IS
39f57eb6-21df-4e31-858e-2fa9f650106a,https://noorapp.in/quiz/39f57eb6-21df-4e31-858e-2fa9f650106a,"Q: What is Itikaf? | Correct answer: Staying in mosque | Explanation: Itikaf is staying in the mosque for worship, not simply being present there for any purpose.","[Phase-3 sub-class A] None — explanation is educationally complete, source-backed, and adds value beyond the answer (distinguishes distractors or adds context).","Quran, Surah Al-Baqarah 2:187: https://quran.com/2/187",No action; confirm as-is.,leave unchanged,OK AS IS
3a581a8b-9a64-4652-9f0d-e3f427c2687c,https://noorapp.in/quiz/3a581a8b-9a64-4652-9f0d-e3f427c2687c,"Q: Does the Hadith of Jibreel discuss Islam, Iman and Ihsan? | Correct answer: Yes | Explanation: The Hadith of Gabriel explicitly discusses Islam, iman, and ihsan, not just one of them.","[Phase-3 sub-class A] None — explanation is educationally complete, source-backed, and adds value beyond the answer (distinguishes distractors or adds context).","Al-Nawawi, Forty Hadith 2; Sahih; narrated by Muslim: https://sunnah.com/nawawi40:2",No action; confirm as-is.,leave unchanged,OK AS IS
404b63d2-3288-4afd-8614-9f5c126a9fc9,https://noorapp.in/quiz/404b63d2-3288-4afd-8614-9f5c126a9fc9,"Q: What is the meaning of Al-Malik? | Correct answer: The Sovereign/King | Explanation: Al-Malik means the Sovereign King, expressing Allah’s complete authority and ownership.",[Phase-3 sub-class C] Member of a forensically-verified duplicate pair already consolidated via canonical hint (DUP of pair with 7f596085).,"Quran, Surah Al-Hashr 59:23: https://quran.com/59/23",Confirm the canonical consolidation is acceptable; no content change needed.,leave unchanged,OK AS IS
49832630-fbe2-4e0a-975e-8d83d3a1a653,https://noorapp.in/quiz/49832630-fbe2-4e0a-975e-8d83d3a1a653,"Q: Between which two hills is Sa'i performed? | Correct answer: Safa and Marwa | Explanation: Sai is performed between Safa and Marwa, which the Quran identifies as symbols of Allah.",[Phase-3 sub-class C] Member of a forensically-verified duplicate pair already consolidated via canonical hint (PRIMARY of pair with e06d0f16).,"Quran, Surah Al-Baqarah 2:158: https://quran.com/2/158",Confirm the canonical consolidation is acceptable; no content change needed.,leave unchanged,OK AS IS
4a93b264-92c0-4794-9612-431461610183,https://noorapp.in/quiz/4a93b264-92c0-4794-9612-431461610183,"Q: What is Ikhlas? | Correct answer: Sincerity | Explanation: Ikhlas is sincere devotion to Allah in worship, as commanded in al-Bayyinah.","[Phase-3 sub-class A] None — explanation is educationally complete, source-backed, and adds value beyond the answer (distinguishes distractors or adds context).","Quran, Surah Al-Bayyinah 98:5: https://quran.com/98/5",No action; confirm as-is.,leave unchanged,OK AS IS
5443f2dd-1fab-4f7b-80b1-ca238e7732e4,https://noorapp.in/quiz/5443f2dd-1fab-4f7b-80b1-ca238e7732e4,"Q: Prophet Ishaq (AS) is the ancestor of which people? | Correct answer: Bani Israel | Explanation: Bani Israil are the descendants of Yaqub, son of Ishaq, making Bani Israil the intended option.","[Phase-3 sub-class A] None — explanation is educationally complete, source-backed, and adds value beyond the answer (distinguishes distractors or adds context).","Quran, Surah Yusuf 12:38: https://quran.com/12/38",No action; confirm as-is.,leave unchanged,OK AS IS
54695286-1636-46f1-a56f-2dc1b7b9dbb0,https://noorapp.in/quiz/54695286-1636-46f1-a56f-2dc1b7b9dbb0,"Q: What does Alhamdulillah mean? | Correct answer: All praise is for Allah | Explanation: Alhamdulillah means all praise belongs to Allah, as expressed at the beginning of al-Fatihah.","[Phase-3 sub-class A] None — explanation is educationally complete, source-backed, and adds value beyond the answer (distinguishes distractors or adds context).","Quran, Surah Al-Fatihah 1:2: https://quran.com/1/2",No action; confirm as-is.,leave unchanged,OK AS IS
55fd33ed-b7f9-4cd1-8e6d-9d4d85169c04,https://noorapp.in/quiz/55fd33ed-b7f9-4cd1-8e6d-9d4d85169c04,"Q: What are the four sacred months? | Correct answer: Muharram, Rajab, Dhul Qadah, Dhul Hijjah | Explanation: The hadith names Dhul-Qadah, Dhul-Hijjah, Muharram, and Rajab as the four sacred months.","[Phase-3 sub-class A] None — explanation is educationally complete, source-backed, and adds value beyond the answer (distinguishes distractors or adds context).",Sahih al-Bukhari 3197; Sahih (included in the named Sahih collection): https://sunnah.com/bukhari:3197,No action; confirm as-is.,leave unchanged,OK AS IS
582c4d78-9700-4e98-a868-e0296ce36f1d,https://noorapp.in/quiz/582c4d78-9700-4e98-a868-e0296ce36f1d,"Q: In which direction is the Qibla? | Correct answer: Towards Kaaba | Explanation: The qiblah is the direction of the Kaaba in Makkah, not universally west or east.","[Phase-3 sub-class A] None — explanation is educationally complete, source-backed, and adds value beyond the answer (distinguishes distractors or adds context).","Quran, Surah Al-Baqarah 2:144: https://quran.com/2/144",No action; confirm as-is.,leave unchanged,OK AS IS
58ec3db5-0703-4796-9fb9-d9f477bc5755,https://noorapp.in/quiz/58ec3db5-0703-4796-9fb9-d9f477bc5755,Q: How many sacred months are there in Islam? | Correct answer: 4 | Explanation: The Quran identifies four of the twelve months as sacred.,[Phase-3 sub-class E] None — correct minimal answer; brevity is appropriate and additional content would be filler.,"Quran, Surah At-Tawbah 9:36: https://quran.com/9/36",No action; confirm brevity is intentional.,leave unchanged,OK AS IS
5a785c6b-9fbf-43ef-9a23-69145a120dac,https://noorapp.in/quiz/5a785c6b-9fbf-43ef-9a23-69145a120dac,"Q: How many years did Prophet Nuh (AS) preach to his people? | Correct answer: 950 | Explanation: The Quran says Nuh remained among his people for one thousand years minus fifty, which equals 950.","[Phase-3 sub-class A] None — explanation is educationally complete, source-backed, and adds value beyond the answer (distinguishes distractors or adds context).","Quran, Surah Al-Ankabut 29:14: https://quran.com/al-ankabut/14",No action; confirm as-is.,leave unchanged,OK AS IS
77e149be-522d-427e-9b44-3c4a6af400d1,https://noorapp.in/quiz/77e149be-522d-427e-9b44-3c4a6af400d1,"Q: How many Khutbahs are there in Jumu'ah prayer? | Correct answer: 2 | Explanation: The Prophet delivered two Friday sermons, sitting between them, so the number is two.","[Phase-3 sub-class A] None — explanation is educationally complete, source-backed, and adds value beyond the answer (distinguishes distractors or adds context).",Sahih al-Bukhari 928; Sahih (included in the named Sahih collection): https://sunnah.com/bukhari:928,No action; confirm as-is.,leave unchanged,OK AS IS
78fa4f89-8b0f-47fe-8d80-29571dadab01,https://noorapp.in/quiz/78fa4f89-8b0f-47fe-8d80-29571dadab01,"Q: What is the duty of Angel Azrael (AS)? | Correct answer: Taking souls | Explanation: The Quran assigns taking souls to the Angel of Death, but the verse does not name him Azrail.","[Phase-3 sub-class A] None — explanation is educationally complete, source-backed, and adds value beyond the answer (distinguishes distractors or adds context).","Quran, Surah As-Sajdah 32:11: https://quran.com/32/11",No action; confirm as-is.,leave unchanged,OK AS IS
790a4853-24a9-42c1-a954-48a1f1a048a3,https://noorapp.in/quiz/790a4853-24a9-42c1-a954-48a1f1a048a3,"Q: Which Surah does not begin with Bismillah? | Correct answer: At-Tawbah | Explanation: At-Tawbah begins directly with Baraatun in the mushaf, without an opening basmala.",[Phase-3 sub-class C] Member of a forensically-verified duplicate pair already consolidated via canonical hint (PRIMARY of pair with 8b2920fd).,"Quran, Surah At-Tawbah 9:1: https://quran.com/9/1",Confirm the canonical consolidation is acceptable; no content change needed.,leave unchanged,OK AS IS
7973c5d2-81a4-4257-a702-22ae6f21bb2f,https://noorapp.in/quiz/7973c5d2-81a4-4257-a702-22ae6f21bb2f,"Q: What does Allahu Akbar mean? | Correct answer: Allah is the Greatest | Explanation: Allahu Akbar means Allah is the Greatest, distinct from the phrases of praise and glorification.","[Phase-3 sub-class A] None — explanation is educationally complete, source-backed, and adds value beyond the answer (distinguishes distractors or adds context).",Sahih Muslim 601; Sahih (included in the named Sahih collection): https://sunnah.com/muslim:601,No action; confirm as-is.,leave unchanged,OK AS IS
79b5109a-17c7-4de2-a538-dee67e631215,https://noorapp.in/quiz/79b5109a-17c7-4de2-a538-dee67e631215,"Q: What does Al-Malik mean? | Correct answer: Sovereign King | Explanation: Al-Malik means the Sovereign King, expressing Allah’s complete authority and ownership.",[Phase-3 sub-class C] Near-duplicate of 7f596085/404b63d2; NOT covered by the 30-pair canonical mapping (excluded group).,"Quran, Surah Al-Hashr 59:23: https://quran.com/59/23","Editor must decide: extend the canonical mapping to this pair, or keep both indexed with a documented reason.",leave unchanged pending editorial decision,REQUIRES VERIFICATION
7f596085-398f-4565-a6d8-42c37635fe1d,https://noorapp.in/quiz/7f596085-398f-4565-a6d8-42c37635fe1d,"Q: What is the meaning of 'Al-Malik'? | Correct answer: The Sovereign/King | Explanation: Al-Malik means the Sovereign King, expressing Allah’s complete authority and ownership.",[Phase-3 sub-class C] Member of a forensically-verified duplicate pair already consolidated via canonical hint (PRIMARY of pair with 404b63d2).,"Quran, Surah Al-Hashr 59:23: https://quran.com/59/23",Confirm the canonical consolidation is acceptable; no content change needed.,leave unchanged,OK AS IS
82127681-6f5f-48b9-a81c-0eb8e3770af3,https://noorapp.in/quiz/82127681-6f5f-48b9-a81c-0eb8e3770af3,"Q: What is alcohol consumption in Islam? | Correct answer: Haram | Explanation: The Quran commands believers to avoid intoxicants, ruling out the lawful and permissible options.","[Phase-3 sub-class A] None — explanation is educationally complete, source-backed, and adds value beyond the answer (distinguishes distractors or adds context).","Quran, Surah Al-Maidah 5:90: https://quran.com/5/90",No action; confirm as-is.,leave unchanged,OK AS IS
8500303c-37d4-4aab-b110-2b9e14241398,https://noorapp.in/quiz/8500303c-37d4-4aab-b110-2b9e14241398,"Q: What is Kufr? | Correct answer: Disbelief | Explanation: In this religious context, kufr means disbelief or rejection, not charity, prayer, or fasting.","[Phase-3 sub-class A] None — explanation is educationally complete, source-backed, and adds value beyond the answer (distinguishes distractors or adds context).","Quran, Surah Al-Baqarah 2:6: https://quran.com/2/6",No action; confirm as-is.,leave unchanged,OK AS IS
866daec0-fa1b-4991-8389-83c714130e1f,https://noorapp.in/quiz/866daec0-fa1b-4991-8389-83c714130e1f,Q: In which city was Prophet Muhammad (PBUH) born? | Correct answer: Makkah | Explanation: The classical seerah places Muhammad’s birth in Makkah; his migration to Madinah happened later.,"[Phase-3 sub-class A] None — explanation is educationally complete, source-backed, and adds value beyond the answer (distinguishes distractors or adds context).","Ibn Hisham, Al-Sirah al-Nabawiyyah (recension of Ibn Ishaq), birth and early nursing in Makkah: http://facweb.furman.edu/~ateipen/almusharaka/IbnIshaq-Excerpt2.htm",No action; confirm as-is.,leave unchanged,OK AS IS
88dc3c7a-d9c2-4621-a0cf-7adac21fff7c,https://noorapp.in/quiz/88dc3c7a-d9c2-4621-a0cf-7adac21fff7c,"Q: On which date is the Day of Arafah? | Correct answer: 9 Dhul Hijjah | Explanation: Arafah is on 9 Dhul-Hijjah, the day after the pilgrims go to Mina on the eighth.","[Phase-3 sub-class A] None — explanation is educationally complete, source-backed, and adds value beyond the answer (distinguishes distractors or adds context).",Sahih Muslim 1218a; Sahih (included in the named Sahih collection): https://sunnah.com/muslim:1218a; Sahih Muslim 1162b; Sahih (included in the named Sahih collection): https://sunnah.com/muslim:1162b,No action; confirm as-is.,leave unchanged,OK AS IS
8b2920fd-1348-482c-9d0f-7ec8a4d68175,https://noorapp.in/quiz/8b2920fd-1348-482c-9d0f-7ec8a4d68175,"Q: Which Surah starts without Bismillah? | Correct answer: At-Tawbah | Explanation: At-Tawbah begins directly with Baraatun in the mushaf, without an opening basmala.",[Phase-3 sub-class C] Member of a forensically-verified duplicate pair already consolidated via canonical hint (DUP of pair with 790a4853).,"Quran, Surah At-Tawbah 9:1: https://quran.com/9/1",Confirm the canonical consolidation is acceptable; no content change needed.,leave unchanged,OK AS IS
8b92f185-07cb-4a7c-9d8d-0178de7f4237,https://noorapp.in/quiz/8b92f185-07cb-4a7c-9d8d-0178de7f4237,"Q: What is Tawaf? | Correct answer: Circumambulation of Kaaba | Explanation: Tawaf is circumambulating the Kaaba, distinct from sai between Safa and Marwa.","[Phase-3 sub-class A] None — explanation is educationally complete, source-backed, and adds value beyond the answer (distinguishes distractors or adds context).",Sahih Muslim 1218a; Sahih (included in the named Sahih collection): https://sunnah.com/muslim:1218a,No action; confirm as-is.,leave unchanged,OK AS IS
95fd6189-7103-4338-ae53-7729787110a6,https://noorapp.in/quiz/95fd6189-7103-4338-ae53-7729787110a6,Q: To which people was Prophet Salih (AS) sent? | Correct answer: Thamud | Explanation: Al-Araf identifies Salih as the prophet sent to Thamud.,[Phase-3 sub-class E] None — correct minimal answer; brevity is appropriate and additional content would be filler.,"Quran, Surah Al-Araf 7:73: https://quran.com/7/73",No action; confirm brevity is intentional.,leave unchanged,OK AS IS
972fe722-fe68-4c28-8e1b-abc27cfacab5,https://noorapp.in/quiz/972fe722-fe68-4c28-8e1b-abc27cfacab5,"Q: Where is Masjid al-Aqsa located? | Correct answer: Jerusalem | Explanation: Al-Masjid al-Aqsa is in Jerusalem, as identified in the translation of the three-mosques hadith.","[Phase-3 sub-class A] None — explanation is educationally complete, source-backed, and adds value beyond the answer (distinguishes distractors or adds context).",Sahih al-Bukhari 1189; Sahih (included in the named Sahih collection): https://sunnah.com/bukhari:1189,No action; confirm as-is.,leave unchanged,OK AS IS
9800cc64-071d-47ef-b49f-53d9f26ce97d,https://noorapp.in/quiz/9800cc64-071d-47ef-b49f-53d9f26ce97d,Q: In which Juz (part) is Surah Al-Mulk? | Correct answer: 29 | Explanation: Al-Mulk begins the twenty-ninth juz; Quran.com’s juz mapping starts it at 67:1.,"[Phase-3 sub-class A] None — explanation is educationally complete, source-backed, and adds value beyond the answer (distinguishes distractors or adds context).","Quran, Surah Al-Mulk 67:1-30, within juz 29: https://quran.com/juz/29; full mapping: https://api.quran.com/api/v4/juzs",No action; confirm as-is.,leave unchanged,OK AS IS
a4aad3db-c420-486f-9eaa-0d9827d1c54b,https://noorapp.in/quiz/a4aad3db-c420-486f-9eaa-0d9827d1c54b,Q: The verse of change of Qibla is in which Surah? | Correct answer: Al-Baqarah | Explanation: The command to turn toward al-Masjid al-Haram is in al-Baqarah 2:144.,[Phase-3 sub-class E] None — correct minimal answer; brevity is appropriate and additional content would be filler.,"Quran, Surah Al-Baqarah 2:144: https://quran.com/2/144",No action; confirm brevity is intentional.,leave unchanged,OK AS IS
a4dbcd7c-eaa7-4534-bc24-4df1a199bad8,https://noorapp.in/quiz/a4dbcd7c-eaa7-4534-bc24-4df1a199bad8,"Q: Whose daughter was Fatima (RA)? | Correct answer: Muhammad (PBUH) | Explanation: Fatimah is Muhammad’s daughter, named in the seerah’s account of his children.","[Phase-3 sub-class A] None — explanation is educationally complete, source-backed, and adds value beyond the answer (distinguishes distractors or adds context).","Ibn Hisham, Al-Sirah al-Nabawiyyah (recension of Ibn Ishaq), Khadijah and the Prophet’s children: http://eweb.furman.edu/~ateipen/almusharaka/IbnIshaq-Excerpt.html",No action; confirm as-is.,leave unchanged,OK AS IS
a6b0eb69-a81c-4873-a919-fc8dddf6e01f,https://noorapp.in/quiz/a6b0eb69-a81c-4873-a919-fc8dddf6e01f,"Q: Who gave birth to Prophet Isa (AS)? | Correct answer: Maryam | Explanation: The Quran explicitly identifies Isa as the son of Maryam, not Hawwa, Sarah, or Hajar.","[Phase-3 sub-class A] None — explanation is educationally complete, source-backed, and adds value beyond the answer (distinguishes distractors or adds context).","Quran, Surah An-Nisa 4:171: https://quran.com/4/171",No action; confirm as-is.,leave unchanged,OK AS IS
a7c5492f-a01f-4b8f-8fd2-15b2995836fa,https://noorapp.in/quiz/a7c5492f-a01f-4b8f-8fd2-15b2995836fa,"Q: What is the meaning of Al-Hakeem? | Correct answer: The All-Wise | Explanation: Al-Hakim means the All-Wise, referring to wisdom rather than simply power, mercy, or forgiveness.",[Phase-3 sub-class C] Member of a forensically-verified duplicate pair already consolidated via canonical hint (DUP of pair with 356fe03f).,"Quran, Surah Al-Hashr 59:24: https://quran.com/59/24",Confirm the canonical consolidation is acceptable; no content change needed.,leave unchanged,OK AS IS
a864a7ec-28b9-40c2-a03a-79aeeb2bf7f6,https://noorapp.in/quiz/a864a7ec-28b9-40c2-a03a-79aeeb2bf7f6,"Q: What does Al-Khaliq mean? | Correct answer: Creator | Explanation: Al-Khaliq means the Creator, as used in Surah al-Hashr.",[Phase-3 sub-class E] None — correct minimal answer; brevity is appropriate and additional content would be filler.,"Quran, Surah Al-Hashr 59:24: https://quran.com/59/24",No action; confirm brevity is intentional.,leave unchanged,OK AS IS
a8c91f0c-a6d7-4761-8df2-2fef012f1b32,https://noorapp.in/quiz/a8c91f0c-a6d7-4761-8df2-2fef012f1b32,Q: When is the Takbir Tahrimah said? | Correct answer: At the beginning of prayer | Explanation: Prayer begins with the opening takbir; al-Fatihah and the opening supplication follow it.,[Phase-3 sub-class C] Near-duplicate of 299c664b; NOT covered by the 30-pair canonical mapping (excluded group).,Sunan Abi Dawud 61; Hasan Sahih (al-Albani): https://sunnah.com/abudawud:61,"Editor must decide: extend the canonical mapping to this pair, or keep both indexed with a documented reason.",leave unchanged pending editorial decision,REQUIRES VERIFICATION
aa8fb18c-b38b-4910-83d5-5480d0b8ba69,https://noorapp.in/quiz/aa8fb18c-b38b-4910-83d5-5480d0b8ba69,Q: How many rakahs is the Eid ul-Fitr prayer? | Correct answer: 2 | Explanation: Eid al-Fitr prayer has two rakahs; its extra takbirs do not add rakahs.,"[Phase-3 sub-class A] None — explanation is educationally complete, source-backed, and adds value beyond the answer (distinguishes distractors or adds context).",Sunan an-Nasai 1420; Sahih (Darussalam): https://sunnah.com/nasai:1420,No action; confirm as-is.,leave unchanged,OK AS IS
b3649f27-d234-4865-a610-06edeccf1c11,https://noorapp.in/quiz/b3649f27-d234-4865-a610-06edeccf1c11,"Q: Is there a Surah named after Maryam (AS) in the Quran? | Correct answer: Yes, Surah Maryam | Explanation: The nineteenth surah is named Maryam and includes the account of her and Isa.","[Phase-3 sub-class A] None — explanation is educationally complete, source-backed, and adds value beyond the answer (distinguishes distractors or adds context).","Quran, Surah Maryam 19:16: https://quran.com/19/16",No action; confirm as-is.,leave unchanged,OK AS IS
b6dde8f3-11a0-4fe9-8bfd-3ccf2a68f225,https://noorapp.in/quiz/b6dde8f3-11a0-4fe9-8bfd-3ccf2a68f225,"Q: At what age did Prophet Muhammad (PBUH) pass away? | Correct answer: 63 | Explanation: Ibn Abbas’s report gives the Prophet’s age at death as sixty-three, matching the option 63.",[Phase-3 sub-class C] Member of a forensically-verified duplicate pair already consolidated via canonical hint (PRIMARY of pair with e97e91a8).,Sahih al-Bukhari 3902; Sahih (included in the named Sahih collection): https://sunnah.com/bukhari:3902,Confirm the canonical consolidation is acceptable; no content change needed.,leave unchanged,OK AS IS
b7e30cca-8cd7-483b-9ee8-3e8b429acc84,https://noorapp.in/quiz/b7e30cca-8cd7-483b-9ee8-3e8b429acc84,Q: Which scripture did Prophet Isa (AS) receive? | Correct answer: Injil | Explanation: The Quran states that Isa received the Injil and distinguishes it from the earlier Torah.,"[Phase-3 sub-class A] None — explanation is educationally complete, source-backed, and adds value beyond the answer (distinguishes distractors or adds context).","Quran, Surah Al-Maidah 5:46: https://quran.com/5/46",No action; confirm as-is.,leave unchanged,OK AS IS
ba5eafba-fa82-43ba-8f26-3619a14556fa,https://noorapp.in/quiz/ba5eafba-fa82-43ba-8f26-3619a14556fa,"Q: Where is Masjid an-Nabawi located? | Correct answer: Medina | Explanation: The Prophet’s Mosque is in Madinah, where he established it after the Hijrah.","[Phase-3 sub-class A] None — explanation is educationally complete, source-backed, and adds value beyond the answer (distinguishes distractors or adds context).",Sahih al-Bukhari 428; Sahih (included in the named Sahih collection): https://sunnah.com/bukhari:428,No action; confirm as-is.,leave unchanged,OK AS IS
c352d6df-a9c5-4b88-846f-6abb99cf5c87,https://noorapp.in/quiz/c352d6df-a9c5-4b88-846f-6abb99cf5c87,"Q: What does Ar-Razzaq mean? | Correct answer: Provider | Explanation: Ar-Razzaq means the Supreme Provider, a name explicitly used for Allah in the Quran.","[Phase-3 sub-class A] None — explanation is educationally complete, source-backed, and adds value beyond the answer (distinguishes distractors or adds context).","Quran, Surah Adh-Dhariyat 51:58: https://quran.com/51/58",No action; confirm as-is.,leave unchanged,OK AS IS
cb669489-b332-4da8-9558-a000f215471d,https://noorapp.in/quiz/cb669489-b332-4da8-9558-a000f215471d,Q: What is the meaning of 'Ar-Rahman'? | Correct answer: The Most Merciful | Explanation: Ar-Rahman expresses Allah’s vast mercy; “the Most Merciful” is the appropriate option.,[Phase-3 sub-class C] Member of a forensically-verified duplicate pair already consolidated via canonical hint (PRIMARY of pair with 1653909f).,"Quran, Surah Al-Hashr 59:22: https://quran.com/59/22",Confirm the canonical consolidation is acceptable; no content change needed.,leave unchanged,OK AS IS
ce7293a2-777d-46ec-ae74-28657c4eb71f,https://noorapp.in/quiz/ce7293a2-777d-46ec-ae74-28657c4eb71f,"Q: In which Hijri year was the Treaty of Hudaybiyyah? | Correct answer: 6 Hijri | Explanation: Ibn Kathir dates Hudaybiyyah to Dhul-Qadah of 6 AH, confirming the sixth Hijri year.","[Phase-3 sub-class A] None — explanation is educationally complete, source-backed, and adds value beyond the answer (distinguishes distractors or adds context).","Ibn Kathir, Al-Bidayah wa al-Nihayah, Dar Ibn Kathir edition, vol. 4, p. 375, Ghazwat al-Hudaybiyyah: https://shamela.ws/book/30097/1864",No action; confirm as-is.,leave unchanged,OK AS IS
d3d8328d-489c-49d6-8b37-d9dad27a0fbe,https://noorapp.in/quiz/d3d8328d-489c-49d6-8b37-d9dad27a0fbe,Q: Which scripture did Prophet Musa (AS) receive? | Correct answer: Torah | Explanation: Musa’s scripture is the Torah; al-Anam describes the Book given to him as guidance and mercy.,"[Phase-3 sub-class A] None — explanation is educationally complete, source-backed, and adds value beyond the answer (distinguishes distractors or adds context).","Quran, Surah Al-Anam 6:154: https://quran.com/6/154",No action; confirm as-is.,leave unchanged,OK AS IS
dbaf94d7-c956-476d-b04c-740b12bf98db,https://noorapp.in/quiz/dbaf94d7-c956-476d-b04c-740b12bf98db,Q: What does Ar-Rahman mean? | Correct answer: Most Merciful | Explanation: Ar-Rahman expresses Allah’s vast mercy; “the Most Merciful” is the appropriate option.,[Phase-3 sub-class C] Near-duplicate of cb669489/1653909f; NOT covered by the 30-pair canonical mapping (excluded group).,"Quran, Surah Al-Hashr 59:22: https://quran.com/59/22","Editor must decide: extend the canonical mapping to this pair, or keep both indexed with a documented reason.",leave unchanged pending editorial decision,REQUIRES VERIFICATION
e06d0f16-301d-4721-83dc-3ced7471447c,https://noorapp.in/quiz/e06d0f16-301d-4721-83dc-3ced7471447c,"Q: Between which two hills is Sai performed? | Correct answer: Safa and Marwa | Explanation: Sai is performed between Safa and Marwa, which the Quran identifies as symbols of Allah.",[Phase-3 sub-class C] Member of a forensically-verified duplicate pair already consolidated via canonical hint (DUP of pair with 49832630).,"Quran, Surah Al-Baqarah 2:158: https://quran.com/2/158",Confirm the canonical consolidation is acceptable; no content change needed.,leave unchanged,OK AS IS
e0df7cdf-8bfa-484a-b050-3d63d75ae57e,https://noorapp.in/quiz/e0df7cdf-8bfa-484a-b050-3d63d75ae57e,"Q: In which month is Eid ul-Adha celebrated? | Correct answer: Dhul Hijjah | Explanation: Eid al-Adha falls in Dhul-Hijjah, after Arafah, unlike Eid al-Fitr at the end of Ramadan.","[Phase-3 sub-class A] None — explanation is educationally complete, source-backed, and adds value beyond the answer (distinguishes distractors or adds context).",Sahih Muslim 1218a; Sahih (included in the named Sahih collection): https://sunnah.com/muslim:1218a,No action; confirm as-is.,leave unchanged,OK AS IS
e2f5a047-73bb-44ec-9106-9d0c6dfb1769,https://noorapp.in/quiz/e2f5a047-73bb-44ec-9106-9d0c6dfb1769,"Q: Which scripture did Prophet Dawud (AS) receive? | Correct answer: Zabur | Explanation: The Quran explicitly states that Dawud was given the Zabur, distinct from the Torah and Gospel.","[Phase-3 sub-class A] None — explanation is educationally complete, source-backed, and adds value beyond the answer (distinguishes distractors or adds context).","Quran, Surah An-Nisa 4:163: https://quran.com/4/163",No action; confirm as-is.,leave unchanged,OK AS IS
e97e91a8-a1d8-45e3-9bc4-602c296ed497,https://noorapp.in/quiz/e97e91a8-a1d8-45e3-9bc4-602c296ed497,"Q: How many years did Prophet Muhammad (PBUH) live? | Correct answer: 63 | Explanation: Ibn Abbas’s report gives the Prophet’s age at death as sixty-three, matching the option 63.",[Phase-3 sub-class C] Member of a forensically-verified duplicate pair already consolidated via canonical hint (DUP of pair with b6dde8f3).,Sahih al-Bukhari 3902; Sahih (included in the named Sahih collection): https://sunnah.com/bukhari:3902,Confirm the canonical consolidation is acceptable; no content change needed.,leave unchanged,OK AS IS
eb05ac38-9a60-4d46-b18a-c0a1a034d318,https://noorapp.in/quiz/eb05ac38-9a60-4d46-b18a-c0a1a034d318,Q: What is Riya in Islam? | Correct answer: Showing off in worship | Explanation: Riya is worship performed to be seen by people; the Quran condemns showing off in prayer.,"[Phase-3 sub-class A] None — explanation is educationally complete, source-backed, and adds value beyond the answer (distinguishes distractors or adds context).","Quran, Surah An-Nisa 4:142: https://quran.com/4/142",No action; confirm as-is.,leave unchanged,OK AS IS
f2e3e660-d980-4939-b3e2-44beed3c08e9,https://noorapp.in/quiz/f2e3e660-d980-4939-b3e2-44beed3c08e9,"Q: What are surahs revealed in Medina called? | Correct answer: Madani | Explanation: Madani generally means revealed after the Hijrah, not only within the city of Madinah.","[Phase-3 sub-class A] None — explanation is educationally complete, source-backed, and adds value beyond the answer (distinguishes distractors or adds context).","Quran, Surah Al-Maidah 5:3 and the Madinan revelation context: https://quran.com/5/3; Madani is the scholarly term for revelation after the Hijrah.",No action; confirm as-is.,leave unchanged,OK AS IS
f3b63b75-8d4f-43cc-af5f-2d415b0f8b3d,https://noorapp.in/quiz/f3b63b75-8d4f-43cc-af5f-2d415b0f8b3d,"Q: In which Surah is Ayatul Kursi? | Correct answer: Al-Baqarah | Explanation: Ayat al-Kursi is verse 255 of al-Baqarah and describes Allah’s life, knowledge, and authority.",[Phase-3 sub-class C] Near-duplicate of 330d1142; NOT covered by the 30-pair canonical mapping (excluded group).,"Quran, Surah Al-Baqarah 2:255: https://quran.com/2/255","Editor must decide: extend the canonical mapping to this pair, or keep both indexed with a documented reason.",leave unchanged pending editorial decision,REQUIRES VERIFICATION
