surah_number,name,overall,has_draft,nonverified_claims,notes
68,Al-Qalam,PARTIALLY_VERIFIED,True,"The surah reassures the Prophet, highly praises his characte | Some of the surah's verses (17-33 and 48-50) are reported to","Overall is PARTIALLY_VERIFIED because the theme claim and the verse-exception nuance each rest on a single source (Clear Quran and Tanzil respectively); the draft uses only the VERIFIED claims (count,"
91,Ash-Shams,PARTIALLY_VERIFIED,True,Its theme is distinguishing good from evil and warning those,Theme rests on a single scholarly source (Maududi). The Qur'an text on IslamicStudies.info (1-15) independently corroborates the verse count.
92,Al-Lail,PARTIALLY_VERIFIED,True,Its theme is distinguishing the two ways of life and explain,"Maududi dates Surah 92 relative to Surah 91 ('about the same period'); Surah 91 is dated by the same author to the earliest period at Makkah, and Quran.com states 'Revealed in Mecca' explicitly. Theme"
93,Ad-Dhuhaa,PARTIALLY_VERIFIED,True,Its theme is consoling the Prophet and removing his anxiety ,Theme is single-source (Maududi). The Qur'an text on IslamicStudies.info (1-11) independently corroborates the verse count.
94,Ash-Sharh,PARTIALLY_VERIFIED,True,The title is rendered 'The Relief' in English. | Its aim is consoling and encouraging the Messenger.,"The English rendering 'The Relief' is Quran.com's; the site's own repository data renders it 'The Consolation', and Maududi's introduction titles the surah 'Inshiraah'. Theme is single-source."
95,At-Tin,PARTIALLY_VERIFIED,True,Its theme is the rewards and punishments of the Hereafter.,"Maududi records a minority Madani view (Qatadah; one of two reports from Ibn Abbas) against the majority Makki position, which Quran.com concurs with. Theme is single-source."
100,Al-Aadiyaat,PARTIALLY_VERIFIED,True,Its object is to make people realize how evil man becomes wh,"Maududi records a minority Madani view (Anas, Qatadah) but concludes early Makki on subject matter and style; Quran.com concurs. Theme is single-source."
101,Al-Qaari'a,PARTIALLY_VERIFIED,True,Its theme is Resurrection and the Hereafter.,Maududi states there is no dispute about its Makkan origin. Theme is single-source.
102,At-Takaathur,PARTIALLY_VERIFIED,True,It warns of the evil consequences of world-worship — spendin,"Maududi notes some traditions considering it Madani but records a great majority Makki position, which Quran.com concurs with. Quran.com's English rendering 'The Rivalry in world increase' is retained"
55,Ar-Rahmaan,CONFLICTING,True,Classified as a Medinan surah,Revelation-type dispute documented: Wikipedia notes 'disagreement over whether Ar-Rahman ought to be categorized as a surah of the Meccan or Medinan period' (Nöldeke and Ernst: early Meccan; Abdel Hal
76,Al-Insaan,CONFLICTING,True,Surah Al-Insaan's place of revelation is disputed: Wikipedia,"GENUINE SCHOLARLY CONFLICT on Makki/Madani status: Wikipedia and Tafsir Namuneh (via al-islam.org, citing Qurtubi) hold the surah Medinan; Maududi (citing Zamakhshari, Razi, Baydawi, Nisaburi, Ibn Kat"
83,Al-Mutaffifin,CONFLICTING,True,Surah Al-Mutaffifin was revealed in Mecca (Makki). | Major themes: stern warning against defrauders who give shor,"Genuine scholarly disagreement on Makki vs Madani status, documented in classical tafsir tradition: Ibn Masud -> Makki (position of most mushaf copies, Maududi, Wikipedia); Ibn Abbas/Qatadah/Muqatil/D"
97,Al-Qadr,CONFLICTING,True,"Whether Surah 97 is a Makki or a Madani revelation is disput | Its theme is acquainting man with the value, worth and impor",Revelation period is genuinely disputed: Maududi documents both sides claiming the majority; Quran.com labels it Meccan. The draft omits the disputed period.
98,Al-Bayyina,CONFLICTING,True,Whether Surah 98 was revealed at Makkah or Madinah is disput,Revelation place is disputed: Maududi finds nothing in the surah settling Makkah vs Madinah; Quran.com labels it Medinan. The theme is independently attested by Maududi and The Clear Quran and is incl
99,Az-Zalzala,CONFLICTING,True,Its revelation place is disputed: Makki according to Ibn Mas | Its theme is the second life after death and the presentatio,"Maududi documents named authorities on both sides (Makki: Ibn Masud, Ata, Jabir, Mujahid, one Ibn Abbas report; Madani: Qatadah, Muqatil, another Ibn Abbas report) while leaning Makki on theme and sty"
