chapter_number,title_en_verified,title_ar_verified,title_bn,status,action
10,Call to Prayers (Adhaan),كتاب الأذان,,MISSING_VERIFIED_BN,DO_NOT_INVENT — awaiting verified Bengali source / scholar review
11,Friday Prayer,كتاب الجمعة,,MISSING_VERIFIED_BN,DO_NOT_INVENT — awaiting verified Bengali source / scholar review
12,Fear Prayer,كتاب صلاة الخوف,,MISSING_VERIFIED_BN,DO_NOT_INVENT — awaiting verified Bengali source / scholar review
13,The Two Festivals (Eids),كتاب العيدين,,MISSING_VERIFIED_BN,DO_NOT_INVENT — awaiting verified Bengali source / scholar review
15,Invoking Allah for Rain (Istisqaa),كتاب الاستسقاء,,MISSING_VERIFIED_BN,DO_NOT_INVENT — awaiting verified Bengali source / scholar review
16,Eclipses,كتاب الكسوف,,MISSING_VERIFIED_BN,DO_NOT_INVENT — awaiting verified Bengali source / scholar review
18,Shortening the Prayers (At-Taqseer),كتاب التقصير,,MISSING_VERIFIED_BN,DO_NOT_INVENT — awaiting verified Bengali source / scholar review
19,Prayer at Night (Tahajjud),كتاب التهجد,,MISSING_VERIFIED_BN,DO_NOT_INVENT — awaiting verified Bengali source / scholar review
20,Virtues of Prayer at Masjid Makkah and Madinah,كتاب فضل الصلاة فى مسجد مكة والمدينة,,MISSING_VERIFIED_BN,DO_NOT_INVENT — awaiting verified Bengali source / scholar review
21,Actions while Praying,كتاب العمل فى الصلاة,,MISSING_VERIFIED_BN,DO_NOT_INVENT — awaiting verified Bengali source / scholar review
22,Forgetfulness in Prayer,كتاب السهو,,MISSING_VERIFIED_BN,DO_NOT_INVENT — awaiting verified Bengali source / scholar review
23,Funerals (Al-Janaa'iz),كتاب الجنائز,,MISSING_VERIFIED_BN,DO_NOT_INVENT — awaiting verified Bengali source / scholar review
24,Obligatory Charity Tax (Zakat),كتاب الزكاة,,MISSING_VERIFIED_BN,DO_NOT_INVENT — awaiting verified Bengali source / scholar review
27,Pilgrims Prevented from Completing the Pilgrimage,كتاب المحصر,,MISSING_VERIFIED_BN,DO_NOT_INVENT — awaiting verified Bengali source / scholar review
28,Penalty of Hunting while on Pilgrimage,كتاب جزاء الصيد,,MISSING_VERIFIED_BN,DO_NOT_INVENT — awaiting verified Bengali source / scholar review
29,Virtues of Madinah,كتاب فضائل المدينة,,MISSING_VERIFIED_BN,DO_NOT_INVENT — awaiting verified Bengali source / scholar review
30,Fasting,كتاب الصوم,,MISSING_VERIFIED_BN,DO_NOT_INVENT — awaiting verified Bengali source / scholar review
31,Praying at Night in Ramadaan (Taraweeh),كتاب صلاة التراويح,,MISSING_VERIFIED_BN,DO_NOT_INVENT — awaiting verified Bengali source / scholar review
32,Virtues of the Night of Qadr,كتاب فضل ليلة القدر,,MISSING_VERIFIED_BN,DO_NOT_INVENT — awaiting verified Bengali source / scholar review
33,Retiring to a Mosque for Remembrance of Allah (I'tikaf),كتاب الاعتكاف,,MISSING_VERIFIED_BN,DO_NOT_INVENT — awaiting verified Bengali source / scholar review
34,Sales and Trade,كتاب البيوع,,MISSING_VERIFIED_BN,DO_NOT_INVENT — awaiting verified Bengali source / scholar review
35,Sales in which a Price is paid for Goods to be Delivered Later (As-Salam),كتاب السلم,,MISSING_VERIFIED_BN,DO_NOT_INVENT — awaiting verified Bengali source / scholar review
36,Shuf'a,كتاب الشفعة,,MISSING_VERIFIED_BN,DO_NOT_INVENT — awaiting verified Bengali source / scholar review
37,Hiring,كتاب الإجارة,,MISSING_VERIFIED_BN,DO_NOT_INVENT — awaiting verified Bengali source / scholar review
38,Transferance of a Debt from One Person to Another (Al-Hawaala),كتاب الحوالات,,MISSING_VERIFIED_BN,DO_NOT_INVENT — awaiting verified Bengali source / scholar review
39,Kafalah,كتاب الكفالة,,MISSING_VERIFIED_BN,DO_NOT_INVENT — awaiting verified Bengali source / scholar review
40,"Representation, Authorization, Business by Proxy",كتاب الوكالة,,MISSING_VERIFIED_BN,DO_NOT_INVENT — awaiting verified Bengali source / scholar review
41,Agriculture,كتاب المزارعة,,MISSING_VERIFIED_BN,DO_NOT_INVENT — awaiting verified Bengali source / scholar review
42,Distribution of Water,كتاب المساقاة,,MISSING_VERIFIED_BN,DO_NOT_INVENT — awaiting verified Bengali source / scholar review
43,"Loans, Payment of Loans, Freezing of Property, Bankruptcy",كتاب فى الاستقراض,,MISSING_VERIFIED_BN,DO_NOT_INVENT — awaiting verified Bengali source / scholar review
44,Khusoomaat,كتاب الخصومات,,MISSING_VERIFIED_BN,DO_NOT_INVENT — awaiting verified Bengali source / scholar review
45,Lost Things Picked up by Someone (Luqatah),كتاب فى اللقطة,,MISSING_VERIFIED_BN,DO_NOT_INVENT — awaiting verified Bengali source / scholar review
46,Oppressions,كتاب المظالم,,MISSING_VERIFIED_BN,DO_NOT_INVENT — awaiting verified Bengali source / scholar review
47,Partnership,كتاب الشركة,,MISSING_VERIFIED_BN,DO_NOT_INVENT — awaiting verified Bengali source / scholar review
48,Mortgaging,كتاب الرهن,,MISSING_VERIFIED_BN,DO_NOT_INVENT — awaiting verified Bengali source / scholar review
49,Manumission of Slaves,كتاب العتق,,MISSING_VERIFIED_BN,DO_NOT_INVENT — awaiting verified Bengali source / scholar review
50,Makaatib,كتاب المكاتب,,MISSING_VERIFIED_BN,DO_NOT_INVENT — awaiting verified Bengali source / scholar review
51,Gifts,كتاب الهبة وفضلها والتحريض عليها,,MISSING_VERIFIED_BN,DO_NOT_INVENT — awaiting verified Bengali source / scholar review
52,Witnesses,كتاب الشهادات,,MISSING_VERIFIED_BN,DO_NOT_INVENT — awaiting verified Bengali source / scholar review
53,Peacemaking,كتاب الصلح,,MISSING_VERIFIED_BN,DO_NOT_INVENT — awaiting verified Bengali source / scholar review
54,Conditions,كتاب الشروط,,MISSING_VERIFIED_BN,DO_NOT_INVENT — awaiting verified Bengali source / scholar review
55,Wills and Testaments (Wasaayaa),كتاب الوصايا,,MISSING_VERIFIED_BN,DO_NOT_INVENT — awaiting verified Bengali source / scholar review
56,Fighting for the Cause of Allah (Jihaad),كتاب الجهاد والسير,,MISSING_VERIFIED_BN,DO_NOT_INVENT — awaiting verified Bengali source / scholar review
57,One-fifth of Booty to the Cause of Allah (Khumus),كتاب فرض الخمس,,MISSING_VERIFIED_BN,DO_NOT_INVENT — awaiting verified Bengali source / scholar review
58,Jizyah and Mawaada'ah,كتاب الجزية والموادعة,,MISSING_VERIFIED_BN,DO_NOT_INVENT — awaiting verified Bengali source / scholar review
59,Beginning of Creation,كتاب بدء الخلق,,MISSING_VERIFIED_BN,DO_NOT_INVENT — awaiting verified Bengali source / scholar review
60,Prophets,كتاب أحاديث الأنبياء,,MISSING_VERIFIED_BN,DO_NOT_INVENT — awaiting verified Bengali source / scholar review
61,Virtues and Merits of the Prophet (pbuh) and his Companions,كتاب المناقب,,MISSING_VERIFIED_BN,DO_NOT_INVENT — awaiting verified Bengali source / scholar review
62,Companions of the Prophet,كتاب فضائل أصحاب النبى صلى الله عليه وسلم,,MISSING_VERIFIED_BN,DO_NOT_INVENT — awaiting verified Bengali source / scholar review
63,Merits of the Helpers in Madinah (Ansaar),كتاب مناقب الأنصار,,MISSING_VERIFIED_BN,DO_NOT_INVENT — awaiting verified Bengali source / scholar review
64,Military Expeditions led by the Prophet (pbuh) (Al-Maghaazi),كتاب المغازى,,MISSING_VERIFIED_BN,DO_NOT_INVENT — awaiting verified Bengali source / scholar review
65,Prophetic Commentary on the Qur'an (Tafseer of the Prophet (pbuh)),كتاب التفسير,,MISSING_VERIFIED_BN,DO_NOT_INVENT — awaiting verified Bengali source / scholar review
66,Virtues of the Qur'an,كتاب فضائل القرآن,,MISSING_VERIFIED_BN,DO_NOT_INVENT — awaiting verified Bengali source / scholar review
67,"Wedlock, Marriage (Nikaah)",كتاب النكاح,,MISSING_VERIFIED_BN,DO_NOT_INVENT — awaiting verified Bengali source / scholar review
68,Divorce,كتاب الطلاق,,MISSING_VERIFIED_BN,DO_NOT_INVENT — awaiting verified Bengali source / scholar review
69,Supporting the Family,كتاب النفقات,,MISSING_VERIFIED_BN,DO_NOT_INVENT — awaiting verified Bengali source / scholar review
70,"Food, Meals",كتاب الأطعمة,,MISSING_VERIFIED_BN,DO_NOT_INVENT — awaiting verified Bengali source / scholar review
71,Sacrifice on Occasion of Birth (`Aqiqa),كتاب العقيقة,,MISSING_VERIFIED_BN,DO_NOT_INVENT — awaiting verified Bengali source / scholar review
72,"Hunting, Slaughtering",كتاب الذبائح والصيد,,MISSING_VERIFIED_BN,DO_NOT_INVENT — awaiting verified Bengali source / scholar review
73,Al-Adha Festival Sacrifice (Adaahi),كتاب الأضاحي,,MISSING_VERIFIED_BN,DO_NOT_INVENT — awaiting verified Bengali source / scholar review
74,Drinks,كتاب الأشربة,,MISSING_VERIFIED_BN,DO_NOT_INVENT — awaiting verified Bengali source / scholar review
75,Patients,كتاب المرضى,,MISSING_VERIFIED_BN,DO_NOT_INVENT — awaiting verified Bengali source / scholar review
76,Medicine,كتاب الطب,,MISSING_VERIFIED_BN,DO_NOT_INVENT — awaiting verified Bengali source / scholar review
77,Dress,كتاب اللباس,,MISSING_VERIFIED_BN,DO_NOT_INVENT — awaiting verified Bengali source / scholar review
78,Good Manners and Form (Al-Adab),كتاب الأدب,,MISSING_VERIFIED_BN,DO_NOT_INVENT — awaiting verified Bengali source / scholar review
79,Asking Permission,كتاب الاستئذان,,MISSING_VERIFIED_BN,DO_NOT_INVENT — awaiting verified Bengali source / scholar review
80,Invocations,كتاب الدعوات,,MISSING_VERIFIED_BN,DO_NOT_INVENT — awaiting verified Bengali source / scholar review
81,To make the Heart Tender (Ar-Riqaq),كتاب الرقاق,,MISSING_VERIFIED_BN,DO_NOT_INVENT — awaiting verified Bengali source / scholar review
82,Divine Will (Al-Qadar),كتاب القدر,,MISSING_VERIFIED_BN,DO_NOT_INVENT — awaiting verified Bengali source / scholar review
83,Oaths and Vows,كتاب الأيمان والنذور,,MISSING_VERIFIED_BN,DO_NOT_INVENT — awaiting verified Bengali source / scholar review
84,Expiation for Unfulfilled Oaths,كتاب كفارات الأيمان,,MISSING_VERIFIED_BN,DO_NOT_INVENT — awaiting verified Bengali source / scholar review
85,Laws of Inheritance (Al-Faraa'id),كتاب الفرائض,,MISSING_VERIFIED_BN,DO_NOT_INVENT — awaiting verified Bengali source / scholar review
86,Limits and Punishments set by Allah (Hudood),كتاب الحدود,,MISSING_VERIFIED_BN,DO_NOT_INVENT — awaiting verified Bengali source / scholar review
87,Blood Money (Ad-Diyat),كتاب الديات,,MISSING_VERIFIED_BN,DO_NOT_INVENT — awaiting verified Bengali source / scholar review
88,Apostates,كتاب استتابة المرتدين والمعاندين وقتالهم,,MISSING_VERIFIED_BN,DO_NOT_INVENT — awaiting verified Bengali source / scholar review
89,(Statements made under) Coercion,كتاب الإكراه,,MISSING_VERIFIED_BN,DO_NOT_INVENT — awaiting verified Bengali source / scholar review
90,Tricks,كتاب الحيل,,MISSING_VERIFIED_BN,DO_NOT_INVENT — awaiting verified Bengali source / scholar review
91,Interpretation of Dreams,كتاب التعبير,,MISSING_VERIFIED_BN,DO_NOT_INVENT — awaiting verified Bengali source / scholar review
92,Afflictions and the End of the World,كتاب الفتن,,MISSING_VERIFIED_BN,DO_NOT_INVENT — awaiting verified Bengali source / scholar review
93,Judgments (Ahkaam),كتاب الأحكام,,MISSING_VERIFIED_BN,DO_NOT_INVENT — awaiting verified Bengali source / scholar review
94,Wishes,كتاب التمنى,,MISSING_VERIFIED_BN,DO_NOT_INVENT — awaiting verified Bengali source / scholar review
95,Accepting Information Given by a Truthful Person,كتاب أخبار الآحاد,,MISSING_VERIFIED_BN,DO_NOT_INVENT — awaiting verified Bengali source / scholar review
96,Holding Fast to the Qur'an and Sunnah,كتاب الاعتصام بالكتاب والسنة,,MISSING_VERIFIED_BN,DO_NOT_INVENT — awaiting verified Bengali source / scholar review
97,"Oneness, Uniqueness of Allah (Tawheed)",كتاب التوحيد,,MISSING_VERIFIED_BN,DO_NOT_INVENT — awaiting verified Bengali source / scholar review
